ID,WT,ALB,SEX,CL,Vc,Vp,Q,CL_typical,Cmax,Cmax_ss,Ctrough,AUC,AUC_tau
1.0000,80.267,33.479,M,0.20601,2.6349,4.0600,0.79500,0.23917,104.7,104.7,29.801,5495.4,944.9
2.0000,95.723,48.315,M,0.25636,4.0585,4.0600,0.79500,0.19358,72.622,72.622,24.022,4436.8,761.8
3.0000,70.387,33.934,M,0.25055,2.8709,4.0600,0.79500,0.21915,92.204,92.204,23.207,4605.6,786.2
4.0000,60.568,42.834,F,0.13186,2.9380,4.0600,0.79500,0.13965,115.4,115.4,50.226,7765.8,1365.1
5.0000,50.237,32.444,M,0.18977,3.3225,4.0600,0.79500,0.18738,92.850,92.850,34.005,5801.2,1005.8
6.0000,94.696,35.663,M,0.13917,2.9783,4.0600,0.79500,0.24933,112.1,112.1,47.574,7456.2,1308.0
7.0000,88.335,42.423,F,0.13701,3.3462,4.0600,0.79500,0.17512,105.4,105.4,48.475,7437.2,1308.4
8.0000,79.309,35.507,M,0.29716,3.1830,4.0600,0.79500,0.22588,80.935,80.935,18.558,3927.5,667.0
9.0000,127.5,42.552,M,0.34026,3.2094,4.0600,0.79500,0.25467,77.096,77.096,15.142,3459.9,584.8
10.000,85.421,39.850,M,0.19889,4.0380,4.0600,0.79500,0.21366,81.070,81.070,32.872,5490.6,953.9
11.000,57.091,54.328,F,0.18315,2.1769,4.0600,0.79500,0.11016,124.3,124.3,33.824,6137.2,1057.6
12.000,65.906,39.946,M,0.15426,4.4677,4.0600,0.79500,0.18354,85.561,85.561,43.329,6567.0,1156.5
13.000,62.079,43.866,F,0.078204,2.3746,4.0600,0.79500,0.13880,156.9,156.9,79.557,11177.1,1993.8
14.000,57.286,52.466,M,0.15708,3.5290,4.0600,0.79500,0.13410,96.744,96.744,42.243,6687.9,1171.0
15.000,67.178,38.787,F,0.19432,2.3033,4.0600,0.79500,0.16138,117.2,117.2,31.567,5817.8,1000.8
16.000,63.418,34.330,F,0.076195,2.4574,4.0600,0.79500,0.17324,155.0,155.0,80.857,11275.7,2013.5
17.000,116.8,40.493,M,0.21979,3.2447,4.0600,0.79500,0.25250,88.977,88.977,28.262,5138.0,884.3
18.000,74.280,40.452,M,0.23314,3.5340,4.0600,0.79500,0.19457,82.319,82.319,26.545,4858.4,835.3
19.000,71.338,36.998,F,0.14568,2.5921,4.0600,0.79500,0.17395,119.9,119.9,45.031,7304.0,1275.6
20.000,69.191,33.061,M,0.16500,4.3434,4.0600,0.79500,0.22187,84.385,84.385,40.501,6283.6,1102.8
21.000,55.765,39.973,F,0.10552,1.9943,4.0600,0.79500,0.14123,158.2,158.2,62.129,9474.0,1670.2
22.000,78.873,43.892,M,0.14907,2.7458,4.0600,0.79500,0.18788,114.7,114.7,44.063,7139.2,1246.8
23.000,96.648,39.179,F,0.15836,2.9928,4.0600,0.79500,0.19743,106.3,106.3,41.463,6760.4,1179.4
24.000,74.201,34.494,M,0.18879,2.8646,4.0600,0.79500,0.22280,102.2,102.2,33.641,5889.2,1018.3
25.000,74.954,44.571,F,0.17132,2.6199,4.0600,0.79500,0.15268,112.2,112.2,37.464,6418.7,1113.0
26.000,96.560,36.440,F,0.39022,3.4733,4.0600,0.79500,0.20992,69.754,69.754,12.458,3032.5,511.0
27.000,95.919,29.729,M,0.31116,3.9296,4.0600,0.79500,0.29342,68.744,68.744,18.253,3737.1,635.8
28.000,106.7,41.708,F,0.17541,3.0233,4.0600,0.79500,0.19812,101.5,101.5,36.948,6230.3,1082.1
29.000,74.622,39.507,M,0.28014,4.1515,4.0600,0.79500,0.19907,69.060,69.060,21.425,4098.3,701.2
30.000,67.431,38.238,F,0.090036,2.4756,4.0600,0.79500,0.16371,146.3,146.3,71.113,10228.0,1818.0
31.000,76.792,38.343,F,0.19082,2.9991,4.0600,0.79500,0.17607,98.789,98.789,33.384,5818.9,1006.5
32.000,83.993,36.400,M,0.36524,4.4093,4.0600,0.79500,0.22860,59.934,59.934,14.855,3209.4,543.8
33.000,65.739,44.878,F,0.13993,3.0770,4.0600,0.79500,0.14070,109.7,109.7,47.361,7399.5,1298.6
34.000,93.340,34.862,F,0.23703,2.7095,4.0600,0.79500,0.21378,97.860,97.860,24.803,4851.6,829.4
35.000,74.835,46.734,F,0.081411,3.1520,4.0600,0.79500,0.14649,131.9,131.9,75.249,10387.0,1856.9
36.000,93.185,37.976,M,0.29267,4.6639,4.0600,0.79500,0.23411,63.070,63.070,20.699,3916.7,670.6
37.000,63.732,40.872,M,0.30165,3.0445,4.0600,0.79500,0.17653,83.199,83.199,17.961,3878.4,657.8
38.000,89.174,41.103,F,0.35229,3.2046,4.0600,0.79500,0.18089,76.398,76.398,14.333,3348.0,565.3
39.000,76.898,38.972,F,0.26854,3.1240,4.0600,0.79500,0.17378,84.854,84.854,21.402,4311.9,735.0
40.000,63.641,40.563,F,0.13825,3.0499,4.0600,0.79500,0.15054,110.8,110.8,47.933,7472.3,1311.8
41.000,37.740,39.310,F,0.12868,2.8276,4.0600,0.79500,0.11432,119.1,119.1,51.421,7937.8,1395.8
42.000,78.998,41.275,M,0.11459,3.6652,4.0600,0.79500,0.19818,107.5,107.5,57.029,8271.3,1467.2
43.000,74.021,37.206,F,0.082246,2.5015,4.0600,0.79500,0.17686,149.8,149.8,76.302,10771.3,1919.9
44.000,61.545,44.287,M,0.20435,4.5795,4.0600,0.79500,0.16154,74.605,74.605,32.280,5305.3,923.4
45.000,62.524,45.325,M,0.30061,4.5313,4.0600,0.79500,0.15983,63.499,63.499,19.827,3830.7,654.6
46.000,110.3,39.329,M,0.30866,4.0328,4.0600,0.79500,0.25053,67.762,67.762,18.584,3760.9,640.4
47.000,62.905,40.352,F,0.12318,3.4645,4.0600,0.79500,0.15020,107.8,107.8,53.614,7964.2,1407.7
48.000,78.017,39.586,M,0.15687,2.7985,4.0600,0.79500,0.20391,111.2,111.2,41.705,6851.5,1194.3
49.000,101.0,38.811,F,0.12520,4.1393,4.0600,0.79500,0.20417,97.201,97.201,52.552,7652.5,1356.2
50.000,77.990,42.029,M,0.21605,3.4308,4.0600,0.79500,0.19370,86.438,86.438,29.129,5195.4,895.9
51.000,82.573,37.046,M,0.22369,3.0735,4.0600,0.79500,0.22298,91.590,91.590,27.389,5075.9,872.0
52.000,72.707,37.036,M,0.13687,2.5236,4.0600,0.79500,0.20722,124.7,124.7,48.089,7676.8,1343.8
53.000,118.7,41.283,F,0.43303,3.5202,4.0600,0.79500,0.21263,67.089,67.089,10.532,2743.0,461.0
54.000,86.517,48.261,F,0.087361,4.6895,4.0600,0.79500,0.15499,104.0,104.0,67.795,9118.2,1635.3
55.000,83.444,37.516,M,0.25989,2.5073,4.0600,0.79500,0.22194,100.6,100.6,21.460,4475.3,761.3
56.000,70.224,42.047,M,0.25939,2.6678,4.0600,0.79500,0.18224,96.115,96.115,21.783,4474.7,761.9
57.000,46.479,37.555,M,0.10755,3.2681,4.0600,0.79500,0.15811,117.3,117.3,60.519,8776.7,1557.2
58.000,81.014,39.420,M,0.16587,2.8569,4.0600,0.79500,0.20915,107.5,107.5,39.214,6545.2,1138.4
59.000,63.721,42.034,M,0.15136,2.5446,4.0600,0.79500,0.17233,119.6,119.6,43.117,7102.0,1237.8
60.000,93.972,39.979,F,0.20454,3.6437,4.0600,0.79500,0.19093,85.141,85.141,31.421,5415.1,937.4
61.000,88.325,35.348,M,0.22712,3.2065,4.0600,0.79500,0.24131,88.557,88.557,27.033,4997.8,858.7
62.000,62.425,41.470,F,0.14013,3.3197,4.0600,0.79500,0.14609,104.9,104.9,47.395,7325.7,1287.4
63.000,88.762,40.391,F,0.40823,3.6012,4.0600,0.79500,0.18313,66.980,66.980,11.706,2902.3,488.6
64.000,74.280,34.207,M,0.27840,4.9999,4.0600,0.79500,0.22453,61.818,61.818,22.438,4073.5,700.2
65.000,65.824,37.700,M,0.16649,2.7366,4.0600,0.79500,0.19270,110.3,110.3,38.901,6547.9,1137.8
66.000,75.795,38.442,F,0.16065,4.2199,4.0600,0.79500,0.17436,86.714,86.714,41.577,6432.6,1129.5
67.000,70.568,35.822,M,0.16051,3.7395,4.0600,0.79500,0.20955,92.768,92.768,41.413,6536.7,1144.8
68.000,90.526,40.151,F,0.13254,3.3859,4.0600,0.79500,0.18616,106.1,106.1,50.072,7601.1,1339.3
69.000,59.613,41.481,F,0.22287,1.8114,4.0600,0.79500,0.14222,134.7,134.7,25.317,5195.9,885.6
70.000,60.565,41.615,M,0.33557,2.8470,4.0600,0.79500,0.16878,84.832,84.832,14.994,3514.4,593.4
71.000,94.905,30.926,F,0.38731,3.3920,4.0600,0.79500,0.23910,71.187,71.187,12.519,3055.6,514.8
72.000,55.405,40.443,F,0.27574,1.9358,4.0600,0.79500,0.13931,121.2,121.2,18.679,4260.7,721.0
73.000,72.202,42.981,F,0.15821,2.9484,4.0600,0.79500,0.15412,107.3,107.3,41.464,6774.7,1181.6
74.000,58.260,41.018,F,0.11989,2.9618,4.0600,0.79500,0.14169,119.0,119.0,55.072,8292.5,1463.3
75.000,74.817,35.102,M,0.20854,2.9425,4.0600,0.79500,0.22055,96.743,96.743,29.800,5405.6,930.8
76.000,63.618,34.669,M,0.30177,2.4889,4.0600,0.79500,0.20296,96.956,96.956,17.130,3895.7,659.0
77.000,51.949,45.664,F,0.13147,1.8039,4.0600,0.79500,0.12099,157.5,157.5,49.398,8129.1,1418.2
78.000,73.450,41.685,M,0.22543,4.1194,4.0600,0.79500,0.18842,75.947,75.947,28.368,4946.3,854.7
79.000,68.661,37.717,F,0.16001,3.3887,4.0600,0.79500,0.16738,98.300,98.300,41.326,6624.7,1158.0
80.000,138.8,41.335,F,0.29319,2.8591,4.0600,0.79500,0.23246,87.930,87.930,18.470,3989.2,676.7
81.000,101.3,36.755,M,0.27186,3.6162,4.0600,0.79500,0.25264,76.438,76.438,21.688,4238.5,724.1
82.000,58.447,37.132,F,0.21114,3.4477,4.0600,0.79500,0.15455,86.962,86.962,30.001,5295.5,914.2
83.000,90.241,40.001,M,0.22486,3.1796,4.0600,0.79500,0.21984,89.384,89.384,27.351,5043.7,866.8
84.000,88.456,38.843,M,0.11908,3.5327,4.0600,0.79500,0.22283,108.1,108.1,55.241,8119.4,1437.4
85.000,51.743,36.480,F,0.15529,3.9807,4.0600,0.79500,0.14623,90.835,90.835,42.953,6645.1,1167.0
86.000,77.245,49.033,F,0.12051,3.2639,4.0600,0.79500,0.14320,112.4,112.4,54.756,8153.5,1440.9
87.000,77.112,35.176,F,0.33379,4.3181,4.0600,0.79500,0.18998,62.854,62.854,16.884,3491.2,593.4
88.000,87.258,42.255,M,0.20301,5.7671,4.0600,0.79500,0.20574,66.163,66.163,33.100,5179.7,907.1
89.000,71.257,43.302,F,0.28082,3.6231,4.0600,0.79500,0.15198,75.424,75.424,20.735,4116.2,702.2
90.000,85.973,42.972,M,0.38118,3.4293,4.0600,0.79500,0.20108,70.914,70.914,12.889,3101.9,522.9
91.000,125.9,43.972,M,0.16573,5.0381,4.0600,0.79500,0.24584,77.829,77.829,40.457,6127.1,1078.8
92.000,75.901,45.565,M,0.14977,3.2387,4.0600,0.79500,0.17797,103.7,103.7,44.234,6997.5,1225.6
93.000,112.1,38.744,F,0.28352,2.9191,4.0600,0.79500,0.21713,87.501,87.501,19.503,4112.5,698.7
94.000,101.9,38.274,M,0.18334,5.1990,4.0600,0.79500,0.24494,73.176,73.176,36.610,5671.0,995.0
95.000,146.3,41.030,F,0.30597,3.5892,4.0600,0.79500,0.24120,73.598,73.598,18.295,3808.0,647.3
96.000,85.295,39.078,F,0.11061,2.8541,4.0600,0.79500,0.18408,125.3,125.3,59.323,8796.9,1556.0
97.000,78.419,30.722,F,0.092222,3.6723,4.0600,0.79500,0.21535,116.3,116.3,67.676,9403.6,1679.0
98.000,84.335,48.414,M,0.16709,3.6620,4.0600,0.79500,0.17960,92.323,92.323,39.630,6356.6,1110.8
99.000,89.822,36.172,M,0.11563,5.5527,4.0600,0.79500,0.23892,85.985,85.985,54.546,7531.8,1345.0
100.0,84.459,42.141,M,0.24478,4.3892,4.0600,0.79500,0.20237,70.607,70.607,25.851,4592.2,791.6
101.0,62.769,38.939,M,0.49481,4.0918,4.0600,0.79500,0.18237,57.535,57.535,8.8532,2405.5,403.7
102.0,102.7,36.345,M,0.15462,5.7649,4.0600,0.79500,0.25709,74.864,74.864,43.037,6267.3,1109.8
103.0,71.283,41.417,M,0.17325,3.5267,4.0600,0.79500,0.18621,92.959,92.959,37.983,6205.7,1081.8
104.0,52.815,43.793,F,0.20361,2.6327,4.0600,0.79500,0.12660,105.2,105.2,30.254,5551.5,955.1
105.0,92.124,36.084,M,0.31554,3.8945,4.0600,0.79500,0.24294,68.810,68.810,17.846,3690.8,627.5
106.0,76.384,39.250,M,0.14037,4.2123,4.0600,0.79500,0.20290,91.894,91.894,47.395,7074.4,1249.0
107.0,75.123,37.657,M,0.23229,3.3200,4.0600,0.79500,0.20819,85.828,85.828,26.396,4891.5,840.1
108.0,56.195,44.526,F,0.24591,2.8471,4.0600,0.79500,0.12938,93.335,93.335,23.784,4685.3,800.4
109.0,73.637,36.473,M,0.36004,3.3710,4.0600,0.79500,0.21150,73.054,73.054,14.047,3276.2,553.1
110.0,47.008,43.444,M,0.21001,2.8465,4.0600,0.79500,0.14053,98.649,98.649,29.390,5383.0,926.1
111.0,47.008,47.694,M,0.17586,1.9201,4.0600,0.79500,0.12976,137.8,137.8,35.118,6390.8,1101.3
112.0,76.984,41.342,M,0.19081,3.3608,4.0600,0.79500,0.19498,91.997,91.997,33.828,5770.1,1000.4
113.0,77.965,34.364,M,0.23547,3.4957,4.0600,0.79500,0.23000,82.574,82.574,26.156,4820.0,828.2
114.0,53.691,40.319,M,0.16862,3.2048,4.0600,0.79500,0.16174,99.494,99.494,38.857,6397.0,1114.3
115.0,58.789,43.808,F,0.11047,2.2091,4.0600,0.79500,0.13465,146.1,146.1,59.494,9082.1,1600.5
116.0,100.2,44.450,M,0.11515,3.7778,4.0600,0.79500,0.21346,105.5,105.5,56.706,8202.4,1455.5
117.0,86.961,41.632,M,0.26340,2.2613,4.0600,0.79500,0.20796,108.4,108.4,20.624,4432.5,752.6
118.0,72.925,38.715,M,0.13979,4.2882,4.0600,0.79500,0.19987,91.176,91.176,47.566,7073.8,1249.5
119.0,66.552,41.660,M,0.15765,3.2882,4.0600,0.79500,0.17807,100.7,100.7,41.919,6721.3,1175.0
120.0,99.320,49.789,M,0.20330,4.1386,4.0600,0.79500,0.19274,79.177,79.177,32.129,5382.0,934.6
121.0,52.818,35.746,F,0.23773,2.1741,4.0600,0.79500,0.15057,114.9,114.9,23.774,4875.2,830.6
122.0,58.878,33.842,M,0.26965,3.2118,4.0600,0.79500,0.19812,83.110,83.110,21.400,4291.3,731.7
123.0,75.911,30.792,F,0.19147,2.9383,4.0600,0.79500,0.21093,99.969,99.969,33.165,5810.8,1004.5
124.0,56.456,46.425,M,0.24773,2.7503,4.0600,0.79500,0.14761,95.419,95.419,23.389,4660.4,795.4
125.0,90.498,40.399,M,0.13223,3.2114,4.0600,0.79500,0.21834,109.4,109.4,50.161,7666.6,1349.6
126.0,79.716,34.421,M,0.19488,3.0796,4.0600,0.79500,0.23264,96.357,96.357,32.640,5707.7,986.8
127.0,56.973,36.677,F,0.059815,2.3766,4.0600,0.79500,0.15389,169.7,169.7,95.255,12829.8,2302.5
128.0,63.835,41.123,M,0.17432,2.6328,4.0600,0.79500,0.17577,111.1,111.1,36.714,6326.2,1096.2
129.0,100.7,38.136,F,0.13529,3.9514,4.0600,0.79500,0.20686,96.583,96.583,49.087,7327.8,1293.9
130.0,70.344,39.535,F,0.29717,2.3915,4.0600,0.79500,0.16305,100.5,100.5,17.385,3955.6,669.2
131.0,66.245,39.222,M,0.14403,3.2879,4.0600,0.79500,0.18698,104.4,104.4,46.085,7189.7,1261.8
132.0,133.9,44.529,M,0.16193,5.2081,4.0600,0.79500,0.25201,77.287,77.287,41.371,6192.8,1092.2
133.0,84.169,41.969,M,0.23149,2.5632,4.0600,0.79500,0.20267,102.6,102.6,25.381,4966.1,849.1
134.0,110.7,36.383,M,0.24432,3.8684,4.0600,0.79500,0.26827,76.310,76.310,25.363,4639.7,797.6
135.0,75.326,39.935,M,0.13796,2.5171,4.0600,0.79500,0.19832,124.6,124.6,47.680,7633.0,1335.6
136.0,68.657,41.702,F,0.13886,2.6669,4.0600,0.79500,0.15361,119.9,119.9,47.475,7554.2,1322.7
137.0,36.226,39.397,F,0.12777,1.7797,4.0600,0.79500,0.11144,160.4,160.4,50.938,8317.6,1452.6
138.0,116.0,40.277,M,0.40992,3.0527,4.0600,0.79500,0.25267,76.224,76.224,11.031,2897.8,487.0
139.0,63.167,31.818,F,0.33832,2.6331,4.0600,0.79500,0.18443,90.016,90.016,14.506,3492.1,589.0
140.0,84.936,41.954,M,0.27513,4.2202,4.0600,0.79500,0.20380,68.849,68.849,22.031,4160.5,712.7
141.0,59.714,32.246,F,0.20033,2.7978,4.0600,0.79500,0.17651,101.5,101.5,31.147,5610.4,967.0
142.0,75.267,43.464,M,0.17129,1.9326,4.0600,0.79500,0.18440,138.2,138.2,36.331,6533.3,1127.3
143.0,65.533,35.313,F,0.17379,3.0793,4.0600,0.79500,0.17235,100.7,100.7,37.412,6267.5,1089.4
144.0,66.152,36.784,M,0.18923,2.2080,4.0600,0.79500,0.19735,121.8,121.8,32.495,5964.1,1026.5
145.0,132.0,32.078,F,0.38058,5.6815,4.0600,0.79500,0.28048,49.984,49.984,15.058,3059.2,520.2
146.0,72.179,43.741,M,0.37823,2.9793,4.0600,0.79500,0.17902,79.301,79.301,12.521,3132.5,527.4
147.0,96.536,47.574,M,0.18996,3.7110,4.0600,0.79500,0.19712,86.837,86.837,34.366,5741.8,997.8
148.0,79.971,45.689,M,0.26657,4.8341,4.0600,0.79500,0.18300,64.270,64.270,23.582,4239.1,729.6
149.0,55.056,37.560,M,0.12162,2.9202,4.0600,0.79500,0.17435,119.4,119.4,54.332,8226.2,1450.5
150.0,62.017,42.915,M,0.34714,2.8940,4.0600,0.79500,0.16667,82.988,82.988,14.270,3401.9,573.9
151.0,87.602,43.117,F,0.22979,2.8623,4.0600,0.79500,0.17188,95.184,95.184,26.121,4975.5,852.6
152.0,76.728,38.252,F,0.15811,2.1882,4.0600,0.79500,0.17634,130.1,130.1,40.528,6933.9,1203.1
153.0,83.276,38.452,F,0.11564,3.2027,4.0600,0.79500,0.18407,115.4,115.4,56.856,8402.9,1486.7
154.0,83.081,32.576,M,0.55833,3.9598,4.0600,0.79500,0.24975,57.355,57.355,7.0473,2138.3,358.0
155.0,81.255,34.663,M,0.29515,3.9068,4.0600,0.79500,0.23382,70.391,70.391,19.658,3922.2,668.7
156.0,62.752,43.908,M,0.10213,2.9701,4.0600,0.79500,0.16457,126.1,126.1,63.499,9205.2,1633.7
157.0,76.450,36.594,M,0.29033,4.0037,4.0600,0.79500,0.21552,69.701,69.701,20.232,3976.6,678.8
158.0,87.650,31.153,F,0.11224,4.9193,4.0600,0.79500,0.22693,92.640,92.640,56.621,7890.0,1407.3
159.0,122.9,37.637,M,0.35771,3.8225,4.0600,0.79500,0.27684,66.732,66.732,14.712,3286.5,556.0
160.0,155.1,45.586,M,0.24622,3.8433,4.0600,0.79500,0.26889,76.381,76.381,25.080,4610.6,792.2
161.0,66.971,42.545,F,0.18038,2.5708,4.0600,0.79500,0.14886,111.5,111.5,35.135,6159.5,1065.2
162.0,84.685,37.357,M,0.12417,4.8684,4.0600,0.79500,0.22465,89.526,89.526,52.384,7452.4,1325.0
163.0,83.156,32.730,M,0.35741,4.3224,4.0600,0.79500,0.24887,61.237,61.237,15.260,3277.1,555.5
164.0,94.223,44.005,F,0.16001,2.1166,4.0600,0.79500,0.17618,132.5,132.5,39.842,6880.9,1192.6
165.0,112.2,42.979,M,0.17033,4.8094,4.0600,0.79500,0.23450,78.795,78.795,39.346,6052.1,1063.2
166.0,73.835,37.093,F,0.10011,3.7235,4.0600,0.79500,0.17706,112.1,112.1,63.557,8950.9,1594.9
167.0,97.009,35.247,M,0.16045,3.5964,4.0600,0.79500,0.25537,94.867,94.867,41.345,6568.1,1149.4
168.0,91.076,34.965,F,0.13475,2.2444,4.0600,0.79500,0.21024,135.1,135.1,48.628,7848.2,1372.1
169.0,55.448,38.599,F,0.12887,4.0237,4.0600,0.79500,0.14503,97.550,97.550,51.288,7547.4,1335.5
170.0,102.6,39.382,M,0.22338,5.1396,4.0600,0.79500,0.24000,67.256,67.256,29.510,4881.2,848.5
171.0,70.231,41.614,F,0.17396,2.0568,4.0600,0.79500,0.15592,131.6,131.6,35.866,6429.0,1109.5
172.0,65.812,42.233,M,0.24030,3.9897,4.0600,0.79500,0.17487,75.376,75.376,26.050,4697.0,808.6
173.0,92.747,32.945,M,0.25468,3.4361,4.0600,0.79500,0.26361,81.041,81.041,23.482,4503.5,770.8
174.0,59.110,42.103,F,0.12816,2.2911,4.0600,0.79500,0.13973,135.7,135.7,51.324,8134.5,1425.7
175.0,101.3,39.420,F,0.15779,3.3598,4.0600,0.79500,0.20182,99.354,99.354,41.931,6701.5,1172.0
176.0,77.629,42.882,F,0.19465,2.7882,4.0600,0.79500,0.16103,102.8,102.8,32.284,5750.1,992.3
177.0,98.186,43.203,F,0.17027,3.0506,4.0600,0.79500,0.18328,102.1,102.1,38.272,6375.6,1109.0
178.0,85.906,48.620,M,0.10263,2.6506,4.0600,0.79500,0.18087,134.4,134.4,63.508,9332.1,1653.2
179.0,107.3,43.689,M,0.25833,3.0112,4.0600,0.79500,0.22535,88.238,88.238,22.439,4472.1,763.1
180.0,76.611,42.875,M,0.16754,2.6035,4.0600,0.79500,0.18848,113.6,113.6,38.443,6539.0,1134.9
181.0,81.203,35.752,M,0.19009,3.8871,4.0600,0.79500,0.22765,84.492,84.492,34.496,5713.6,993.9
182.0,114.1,33.521,M,0.43015,5.5237,4.0600,0.79500,0.29274,48.440,48.440,12.429,2733.5,462.4
183.0,81.192,45.723,M,0.18822,3.2038,4.0600,0.79500,0.18450,95.268,95.268,34.201,5856.9,1015.1
184.0,121.3,45.560,M,0.24699,5.4328,4.0600,0.79500,0.23341,62.292,62.292,26.413,4473.9,775.1
185.0,83.867,51.210,F,0.079956,2.2776,4.0600,0.79500,0.14471,159.6,159.6,78.477,11109.2,1979.6
186.0,63.580,35.773,F,0.10564,2.6093,4.0600,0.79500,0.16750,134.2,134.2,61.935,9178.1,1623.9
187.0,41.217,33.305,M,0.18090,2.7701,4.0600,0.79500,0.16343,106.1,106.1,35.302,6115.2,1058.8
188.0,56.592,42.240,M,0.098918,1.7232,4.0600,0.79500,0.16024,177.4,177.4,66.030,10044.1,1771.8
189.0,75.513,43.405,F,0.10030,3.6754,4.0600,0.79500,0.15685,112.8,112.8,63.536,8964.0,1596.8
190.0,58.223,43.088,M,0.21627,3.8150,4.0600,0.79500,0.16015,80.923,80.923,29.534,5151.7,890.4
191.0,81.171,36.613,F,0.16559,3.0745,4.0600,0.79500,0.18912,102.8,102.8,39.528,6513.1,1134.6
192.0,71.199,43.384,F,0.20250,2.8814,4.0600,0.79500,0.15167,99.161,99.161,30.846,5549.6,956.5
193.0,89.903,37.649,F,0.26478,2.9028,4.0600,0.79500,0.19590,89.815,89.815,21.509,4379.2,746.0
194.0,65.751,41.968,F,0.18884,2.6754,4.0600,0.79500,0.14901,106.8,106.8,33.357,5913.5,1021.2
195.0,72.916,37.955,M,0.18580,3.8328,4.0600,0.79500,0.20326,86.010,86.010,35.358,5825.8,1014.2
196.0,82.482,45.863,F,0.13507,2.2572,4.0600,0.79500,0.15747,134.5,134.5,48.517,7830.3,1369.0
197.0,90.873,36.513,M,0.30709,5.7065,4.0600,0.79500,0.23861,54.800,54.800,20.276,3705.6,636.2
198.0,35.700,41.624,M,0.062927,2.2377,4.0600,0.79500,0.12433,173.2,173.2,92.972,12663.0,2269.2
199.0,84.635,42.663,F,0.13900,2.1839,4.0600,0.79500,0.17002,136.1,136.1,46.940,7680.1,1340.3
200.0,67.599,38.754,M,0.25274,5.3830,4.0600,0.79500,0.19113,61.942,61.942,25.658,4393.8,760.2
201.0,99.200,38.916,M,0.27360,3.4132,4.0600,0.79500,0.23772,79.289,79.289,21.235,4224.9,720.8
202.0,59.091,43.832,M,0.12489,3.3731,4.0600,0.79500,0.15918,108.8,108.8,52.963,7922.2,1399.0
203.0,119.5,39.230,M,0.29140,5.3039,4.0600,0.79500,0.26297,58.528,58.528,21.391,3899.0,669.8
204.0,65.926,35.339,M,0.28294,4.0496,4.0600,0.79500,0.20382,69.890,69.890,21.023,4067.4,695.2
205.0,89.113,33.938,F,0.10734,2.9033,4.0600,0.79500,0.21296,125.5,125.5,60.896,8949.2,1585.1
206.0,86.579,33.838,M,0.15821,2.5671,4.0600,0.79500,0.24760,117.0,117.0,41.037,6853.8,1192.4
207.0,109.7,38.054,M,0.30233,3.4718,4.0600,0.79500,0.25678,75.645,75.645,18.469,3854.6,655.1
208.0,77.498,35.024,F,0.093153,2.4388,4.0600,0.79500,0.19123,145.9,145.9,69.196,10038.2,1782.0
209.0,110.1,38.338,F,0.30133,4.8472,4.0600,0.79500,0.21689,60.844,60.844,20.066,3808.2,651.7
210.0,121.6,41.590,M,0.16905,3.2049,4.0600,0.79500,0.25259,99.389,99.389,38.744,6383.9,1111.9
211.0,76.357,39.824,F,0.20802,1.9078,4.0600,0.79500,0.16990,131.8,131.8,28.094,5520.7,944.2
212.0,46.777,37.153,F,0.089697,2.2941,4.0600,0.79500,0.13581,153.2,153.2,71.593,10363.2,1840.6
213.0,83.611,36.114,M,0.35503,4.2017,4.0600,0.79500,0.22954,62.591,62.591,15.290,3300.5,559.4
214.0,105.1,46.290,M,0.32950,4.0275,4.0600,0.79500,0.21194,66.199,66.199,16.894,3542.2,601.6
215.0,82.964,37.507,M,0.23181,3.3924,4.0600,0.79500,0.22124,84.700,84.700,26.564,4894.4,841.0
216.0,67.985,41.211,F,0.11160,2.6689,4.0600,0.79500,0.15430,129.9,129.9,58.904,8823.0,1558.5
217.0,80.229,45.200,F,0.22927,3.2261,4.0600,0.79500,0.15691,87.893,87.893,26.728,4955.5,851.1
218.0,112.5,42.597,M,0.20652,4.4591,4.0600,0.79500,0.23667,75.367,75.367,31.805,5275.6,917.1
219.0,95.107,42.303,F,0.18041,2.2371,4.0600,0.79500,0.18320,122.6,122.6,34.584,6207.8,1071.0
220.0,118.0,33.826,F,0.26158,4.2736,4.0600,0.79500,0.25123,69.758,69.758,23.621,4345.6,746.3
221.0,97.460,39.856,F,0.14294,3.0846,4.0600,0.79500,0.19551,108.7,108.7,46.341,7282.9,1277.0
222.0,63.677,37.480,M,0.11922,2.8225,4.0600,0.79500,0.18999,122.7,122.7,55.367,8375.9,1477.2
223.0,105.8,37.110,F,0.21554,2.8713,4.0600,0.79500,0.21785,97.163,97.163,28.451,5261.1,904.1
224.0,107.9,39.571,M,0.10053,5.0023,4.0600,0.79500,0.24602,95.670,95.670,61.139,8345.4,1493.2
225.0,116.2,38.290,F,0.16183,3.8899,4.0600,0.79500,0.22401,90.421,90.421,41.137,6466.1,1133.0
226.0,87.885,32.841,F,0.14102,2.8103,4.0600,0.79500,0.21727,115.5,115.5,46.820,7429.1,1301.2
227.0,67.179,32.919,F,0.23879,3.3263,4.0600,0.79500,0.18564,84.830,84.830,25.458,4774.6,819.0
228.0,62.181,40.311,F,0.20216,2.3682,4.0600,0.79500,0.14933,113.5,113.5,30.090,5614.6,964.5
229.0,95.759,42.618,M,0.12003,3.1235,4.0600,0.79500,0.21552,115.4,115.4,54.988,8226.4,1452.9
230.0,58.755,45.054,M,0.15566,3.0135,4.0600,0.79500,0.15498,106.6,106.6,42.273,6846.2,1195.4
231.0,56.889,32.533,M,0.082586,3.7075,4.0600,0.79500,0.20087,120.2,120.2,73.002,9952.1,1781.9
232.0,57.162,27.790,M,0.37062,3.8923,4.0600,0.79500,0.23045,65.101,65.101,13.999,3177.0,537.0
233.0,147.4,38.363,M,0.34453,4.1526,4.0600,0.79500,0.30255,63.785,63.785,15.942,3395.3,576.0
234.0,50.575,40.632,M,0.12032,3.5621,4.0600,0.79500,0.15522,107.1,107.1,54.724,8054.2,1425.6
235.0,79.226,40.644,M,0.18056,4.1399,4.0600,0.79500,0.20115,83.331,83.331,36.733,5908.7,1031.8
236.0,82.185,37.833,F,0.14900,3.5346,4.0600,0.79500,0.18522,98.767,98.767,44.624,6952.9,1220.2
237.0,69.106,44.865,M,0.10949,4.4804,4.0600,0.79500,0.17083,98.228,98.228,58.289,8175.0,1457.0
238.0,133.1,39.997,F,0.37540,4.7784,4.0600,0.79500,0.23338,56.187,56.187,14.597,3119.9,528.9
239.0,91.789,41.346,F,0.28866,3.6011,4.0600,0.79500,0.18302,74.975,74.975,19.916,4015.9,684.2
240.0,89.687,39.691,M,0.16313,4.3673,4.0600,0.79500,0.22052,84.551,84.551,40.980,6331.3,1111.8
241.0,59.746,42.836,M,0.17818,2.6469,4.0600,0.79500,0.16338,109.9,109.9,35.779,6211.0,1075.2
242.0,44.361,39.090,M,0.090570,2.1866,4.0600,0.79500,0.14873,157.1,157.1,71.153,10367.1,1839.6
243.0,56.364,36.879,F,0.080279,4.1079,4.0600,0.79500,0.15223,114.8,114.8,73.175,9842.8,1765.5
244.0,173.2,38.651,F,0.19306,4.1192,4.0600,0.79500,0.27986,81.184,81.184,34.082,5611.4,976.7
245.0,78.222,43.905,M,0.18831,2.7428,4.0600,0.79500,0.18693,105.2,105.2,33.572,5918.2,1022.6
246.0,61.232,33.931,M,0.16531,3.1790,4.0600,0.79500,0.20220,100.8,100.8,39.705,6501.8,1133.4
247.0,63.321,43.866,F,0.15386,2.3761,4.0600,0.79500,0.14040,124.3,124.3,42.112,7047.7,1226.0
248.0,96.254,33.688,F,0.20468,4.3697,4.0600,0.79500,0.22407,76.535,76.535,32.066,5324.5,925.6
249.0,69.438,40.092,F,0.14099,3.3893,4.0600,0.79500,0.15991,103.4,103.4,47.128,7274.6,1278.6
250.0,80.501,39.646,F,0.19806,3.4463,4.0600,0.79500,0.17585,89.245,89.245,32.445,5585.3,967.2
251.0,60.943,42.383,M,0.20454,2.3400,4.0600,0.79500,0.16677,114.0,114.0,29.580,5560.6,954.5
252.0,105.6,35.248,F,0.19411,4.5820,4.0600,0.79500,0.22749,76.311,76.311,34.194,5522.9,963.5
253.0,98.700,40.231,F,0.10516,4.2013,4.0600,0.79500,0.19537,103.2,103.2,60.505,8485.1,1512.5
254.0,46.885,41.359,M,0.12109,3.6005,4.0600,0.79500,0.14634,106.2,106.2,54.395,8006.6,1417.1
255.0,61.646,43.387,M,0.16204,3.3262,4.0600,0.79500,0.16455,98.877,98.877,40.720,6574.1,1148.1
256.0,86.112,32.512,M,0.20392,4.4779,4.0600,0.79500,0.25541,75.614,75.614,32.285,5326.9,926.7
257.0,113.6,43.028,M,0.24556,3.3675,4.0600,0.79500,0.23593,83.263,83.263,24.577,4655.7,797.8
258.0,83.137,39.306,M,0.32377,4.0867,4.0600,0.79500,0.21282,65.970,65.970,17.400,3598.1,611.7
259.0,126.4,35.420,M,0.32666,5.3041,4.0600,0.79500,0.29629,55.648,55.648,18.350,3525.6,602.5
260.0,53.011,27.994,M,0.14254,2.7600,4.0600,0.79500,0.21925,116.3,116.3,46.255,7383.0,1292.1
261.0,97.247,37.504,M,0.21445,4.6504,4.0600,0.79500,0.24254,72.393,72.393,30.591,5097.0,885.4
262.0,48.821,37.221,M,0.18830,2.8340,4.0600,0.79500,0.16391,103.0,103.0,33.706,5906.2,1021.1
263.0,60.932,46.699,F,0.18781,2.6413,4.0600,0.79500,0.13016,108.0,108.0,33.533,5945.4,1026.7
264.0,58.785,33.874,M,0.38748,3.9227,4.0600,0.79500,0.19777,63.809,63.809,13.084,3045.4,514.1
265.0,62.968,32.401,M,0.20064,2.5207,4.0600,0.79500,0.21375,108.9,108.9,30.649,5634.5,969.3
266.0,67.896,40.206,M,0.20586,3.6512,4.0600,0.79500,0.18569,84.812,84.812,31.187,5385.6,932.1
267.0,79.388,30.214,M,0.14919,5.6012,4.0600,0.79500,0.25942,77.155,77.155,44.469,6451.8,1143.2
268.0,47.937,33.295,F,0.12734,3.4115,4.0600,0.79500,0.15127,107.3,107.3,52.007,7805.4,1377.6
269.0,67.936,41.415,M,0.15741,4.6288,4.0600,0.79500,0.18111,83.235,83.235,42.502,6439.2,1133.9
270.0,107.0,38.064,F,0.18252,4.7702,4.0600,0.79500,0.21458,76.742,76.742,36.635,5758.8,1008.5
271.0,61.395,43.372,M,0.14943,2.6205,4.0600,0.79500,0.16421,118.0,118.0,43.822,7155.7,1248.6
272.0,89.602,36.307,F,0.13719,3.4880,4.0600,0.79500,0.20167,102.9,102.9,48.440,7389.9,1301.0
273.0,85.550,35.897,M,0.34784,5.2673,4.0600,0.79500,0.23380,54.407,54.407,16.776,3332.9,567.9
274.0,97.688,37.815,F,0.13880,2.8732,4.0600,0.79500,0.20476,114.6,114.6,47.645,7500.0,1315.0
275.0,77.046,36.307,M,0.27904,3.4697,4.0600,0.79500,0.21795,77.850,77.850,20.726,4147.5,707.2
276.0,89.982,37.946,M,0.19938,3.4484,4.0600,0.79500,0.22958,88.972,88.972,32.188,5554.5,961.5
277.0,117.0,42.993,F,0.24973,4.3702,4.0600,0.79500,0.20366,70.183,70.183,25.183,4515.9,777.7
278.0,121.6,37.747,F,0.16336,4.2543,4.0600,0.79500,0.23271,85.712,85.712,40.887,6347.7,1114.0
279.0,55.335,47.497,F,0.12376,2.7342,4.0600,0.79500,0.12134,123.3,123.3,53.405,8192.2,1441.9
280.0,78.039,32.344,F,0.10098,3.2588,4.0600,0.79500,0.20551,120.2,120.2,63.770,9128.9,1623.0
281.0,81.166,44.172,F,0.18808,2.5359,4.0600,0.79500,0.16110,110.9,110.9,33.309,5952.4,1027.1
282.0,58.310,37.332,M,0.31095,2.7719,4.0600,0.79500,0.18117,88.462,88.462,16.772,3778.6,639.4
283.0,120.6,40.726,M,0.22680,4.0381,4.0600,0.79500,0.25595,76.659,76.659,28.076,4929.1,851.1
284.0,66.320,42.919,M,0.23912,2.3091,4.0600,0.79500,0.17325,109.6,109.6,23.823,4840.7,825.2
285.0,92.893,44.580,F,0.14048,3.3657,4.0600,0.79500,0.17281,104.0,104.0,47.292,7300.1,1283.1
286.0,89.052,39.987,M,0.17501,3.4677,4.0600,0.79500,0.21822,93.501,93.501,37.504,6167.0,1074.2
287.0,79.081,39.896,M,0.24257,3.8030,4.0600,0.79500,0.20414,77.354,77.354,25.526,4673.7,803.4
288.0,79.648,43.443,M,0.24041,5.7811,4.0600,0.79500,0.19061,61.017,61.017,27.483,4542.6,789.4
289.0,99.592,39.254,F,0.20662,3.6212,4.0600,0.79500,0.20055,85.108,85.108,31.014,5372.6,929.5
290.0,135.8,43.426,M,0.26027,2.3666,4.0600,0.79500,0.25956,105.0,105.0,21.176,4476.5,760.8
291.0,64.887,39.655,F,0.14969,3.0145,4.0600,0.79500,0.15521,108.2,108.2,44.102,7053.5,1233.8
292.0,106.8,35.648,M,0.26874,6.1640,4.0600,0.79500,0.26733,55.928,55.928,24.313,4120.9,713.6
293.0,56.536,38.694,M,0.11086,2.5238,4.0600,0.79500,0.17260,134.6,134.6,59.297,8924.8,1575.6
294.0,74.152,35.697,M,0.11763,2.7198,4.0600,0.79500,0.21629,126.0,126.0,56.076,8492.7,1497.7
295.0,107.0,41.547,M,0.16488,4.3482,4.0600,0.79500,0.23485,84.362,84.362,40.534,6286.2,1103.3
296.0,102.4,41.428,M,0.28343,3.5982,4.0600,0.79500,0.22957,75.517,75.517,20.436,4083.2,696.2
297.0,68.252,38.952,F,0.22388,2.5545,4.0600,0.79500,0.16227,104.0,104.0,26.554,5116.6,876.0
298.0,127.6,31.874,M,0.33374,3.7536,4.0600,0.79500,0.32607,69.204,69.204,16.268,3508.7,594.9
299.0,103.7,37.774,M,0.27365,3.6101,4.0600,0.79500,0.25021,76.337,76.337,21.483,4213.9,719.6
300.0,85.828,32.747,M,0.28714,5.6149,4.0600,0.79500,0.25335,57.038,57.038,22.047,3931.7,676.9
301.0,86.462,39.743,F,0.22981,2.7736,4.0600,0.79500,0.18288,97.278,97.278,25.980,4982.1,853.2
302.0,80.721,43.388,F,0.24731,2.4758,4.0600,0.79500,0.16307,103.1,103.1,22.993,4684.5,798.3
303.0,158.9,42.303,F,0.21499,5.3952,4.0600,0.79500,0.24645,66.699,66.699,30.966,5002.6,872.3
304.0,88.607,44.667,M,0.25986,3.8287,4.0600,0.79500,0.19797,74.934,74.934,23.334,4399.4,753.9
305.0,89.078,32.573,M,0.31866,5.1420,4.0600,0.79500,0.26003,57.312,57.312,18.846,3611.1,617.3
306.0,61.348,31.060,M,0.22588,2.4233,4.0600,0.79500,0.21830,107.7,107.7,26.010,5086.9,869.9
307.0,71.420,43.139,M,0.12670,2.9733,4.0600,0.79500,0.18004,116.3,116.3,52.247,7977.5,1404.8
308.0,61.981,41.321,M,0.094588,3.3040,4.0600,0.79500,0.17209,122.1,122.1,67.084,9466.5,1686.6
309.0,104.6,45.748,F,0.29774,2.3469,4.0600,0.79500,0.18106,101.9,101.9,17.261,3949.8,668.0
310.0,62.641,43.720,M,0.098676,2.8447,4.0600,0.79500,0.16500,130.8,130.8,65.490,9468.0,1681.2
311.0,87.811,37.225,F,0.20167,1.9338,4.0600,0.79500,0.19513,131.6,131.6,29.361,5672.1,971.6
312.0,76.371,33.883,F,0.12034,4.0784,4.0600,0.79500,0.19506,99.534,99.534,54.408,7868.9,1396.1
313.0,64.022,37.163,M,0.19505,2.8690,4.0600,0.79500,0.19197,100.8,100.8,32.317,5730.0,989.3
314.0,96.254,40.616,M,0.20181,3.2691,4.0600,0.79500,0.22523,91.531,91.531,31.502,5520.5,954.0
315.0,55.148,36.464,M,0.14853,3.4528,4.0600,0.79500,0.17898,100.2,100.2,44.733,6989.0,1226.1
316.0,97.762,39.142,M,0.30591,3.3005,4.0600,0.79500,0.23455,78.102,78.102,17.932,3819.3,648.3
317.0,74.817,37.569,M,0.32688,3.1145,4.0600,0.79500,0.20812,79.810,79.810,15.987,3595.7,608.3
318.0,75.816,42.895,M,0.20494,3.6302,4.0600,0.79500,0.18727,85.266,85.266,31.333,5408.1,936.0
319.0,55.744,38.090,F,0.12932,3.0499,4.0600,0.79500,0.14714,113.7,113.7,51.231,7838.7,1379.9
320.0,78.900,43.844,F,0.18873,2.6845,4.0600,0.79500,0.15950,106.6,106.6,33.395,5915.2,1021.6
321.0,71.141,36.550,F,0.16100,2.0838,4.0600,0.79500,0.17549,133.7,133.7,39.493,6852.4,1187.1
322.0,100.2,36.086,M,0.24478,3.6621,4.0600,0.79500,0.25497,78.939,78.939,25.058,4647.5,797.9
323.0,76.099,35.085,M,0.25432,3.2565,4.0600,0.79500,0.22282,84.058,84.058,23.286,4520.5,772.9
324.0,57.008,36.330,F,0.17002,2.5135,4.0600,0.79500,0.15520,115.6,115.6,37.653,6477.0,1122.7
325.0,49.386,38.568,M,0.23726,3.2249,4.0600,0.79500,0.16007,86.794,86.794,25.539,4809.3,824.7
326.0,89.761,33.497,M,0.22064,4.0172,4.0600,0.79500,0.25502,77.797,77.797,29.025,5046.0,872.3
327.0,61.432,44.210,M,0.13289,2.8570,4.0600,0.79500,0.16161,116.9,116.9,49.801,7747.0,1360.7
328.0,78.620,43.414,M,0.16851,2.2886,4.0600,0.79500,0.18929,123.5,123.5,37.711,6563.5,1136.3
329.0,92.244,34.330,M,0.23223,4.0747,4.0600,0.79500,0.25370,75.489,75.489,27.297,4828.5,833.0
330.0,67.471,28.488,M,0.44370,5.5477,4.0600,0.79500,0.24831,47.732,47.732,11.864,2654.5,448.6
331.0,77.389,27.404,F,0.31147,5.0991,4.0600,0.79500,0.23561,58.172,58.172,19.405,3687.0,630.8
332.0,129.7,41.274,F,0.15412,5.0732,4.0600,0.79500,0.22382,80.058,80.058,43.341,6434.9,1136.4
333.0,137.4,47.025,M,0.28417,4.2249,4.0600,0.79500,0.24415,67.905,67.905,21.090,4042.9,691.5
334.0,102.8,39.754,M,0.18893,5.4329,4.0600,0.79500,0.23828,70.544,70.544,35.561,5511.1,966.7
335.0,72.009,27.331,M,0.28749,3.6805,4.0600,0.79500,0.26712,73.984,73.984,20.129,4027.0,686.5
336.0,78.208,41.848,M,0.26829,3.2751,4.0600,0.79500,0.19473,82.140,82.140,21.641,4307.6,734.9
337.0,55.529,42.099,M,0.20192,2.4147,4.0600,0.79500,0.15895,112.0,112.0,30.219,5615.4,965.0
338.0,71.576,43.254,F,0.20246,2.0564,4.0600,0.79500,0.15252,125.6,125.6,29.453,5640.2,966.8
339.0,75.830,44.504,M,0.089424,3.3614,4.0600,0.79500,0.18149,123.4,123.4,69.866,9741.2,1738.6
340.0,63.269,34.009,M,0.11157,2.3267,4.0600,0.79500,0.20566,141.1,141.1,58.948,8969.8,1581.3
341.0,75.802,38.271,F,0.20145,3.5896,4.0600,0.79500,0.17504,86.456,86.456,31.946,5490.1,950.8
342.0,84.091,39.181,M,0.22184,3.0404,4.0600,0.79500,0.21481,92.536,92.536,27.643,5115.8,879.0
343.0,72.365,31.148,F,0.18114,3.4115,4.0600,0.79500,0.20317,93.100,93.100,36.007,6009.9,1044.8
344.0,57.257,36.602,M,0.26019,3.8728,4.0600,0.79500,0.18232,74.349,74.349,23.345,4391.6,752.8
345.0,58.268,38.239,F,0.095468,2.6094,4.0600,0.79500,0.15045,139.1,139.1,67.592,9790.8,1738.3
346.0,63.774,42.755,M,0.16235,3.5729,4.0600,0.79500,0.16993,94.764,94.764,40.816,6514.9,1139.3
347.0,82.371,34.523,M,0.29274,3.7817,4.0600,0.79500,0.23649,72.160,72.160,19.741,3957.1,674.5
348.0,79.088,40.112,M,0.092484,4.0733,4.0600,0.79500,0.20321,109.9,109.9,66.704,9176.1,1640.5
349.0,56.291,38.967,F,0.10420,2.8773,4.0600,0.79500,0.14512,127.5,127.5,62.509,9133.8,1619.2
350.0,52.331,39.528,F,0.12906,2.4747,4.0600,0.79500,0.13744,129.0,129.0,51.087,8033.6,1409.3
351.0,57.751,33.448,M,0.20172,2.9316,4.0600,0.79500,0.19789,98.183,98.183,31.071,5562.3,959.2
352.0,100.4,40.147,F,0.26447,2.7951,4.0600,0.79500,0.19764,92.335,92.335,21.381,4389.5,747.4
353.0,75.404,35.837,F,0.14291,2.9953,4.0600,0.79500,0.18458,110.6,110.6,46.296,7307.1,1280.6
354.0,74.561,39.396,M,0.20187,3.3881,4.0600,0.79500,0.19945,89.499,89.499,31.636,5505.0,952.1
355.0,71.322,45.781,M,0.18539,3.8063,4.0600,0.79500,0.17100,86.437,86.437,35.424,5840.0,1016.6
356.0,50.359,45.057,F,0.068056,2.1617,4.0600,0.79500,0.12021,172.8,172.8,88.572,12239.9,2189.0
357.0,114.9,39.036,F,0.14659,4.4587,4.0600,0.79500,0.21882,87.538,87.538,45.490,6805.7,1200.9
358.0,48.399,46.819,M,0.20897,2.4881,4.0600,0.79500,0.13407,108.4,108.4,29.008,5442.7,934.3
359.0,81.382,35.345,F,0.33196,2.8649,4.0600,0.79500,0.19519,84.673,84.673,15.276,3550.2,599.7
360.0,79.203,41.419,M,0.20804,3.4269,4.0600,0.79500,0.19789,87.807,87.807,30.531,5364.0,926.6
361.0,80.751,44.790,M,0.14026,2.6429,4.0600,0.79500,0.18718,120.1,120.1,46.954,7504.1,1313.2
362.0,57.383,38.304,M,0.11361,3.7038,4.0600,0.79500,0.17560,107.2,107.2,57.418,8301.3,1473.2
363.0,101.9,38.122,F,0.31790,4.3028,4.0600,0.79500,0.20839,64.191,64.191,18.101,3651.1,621.8
364.0,80.847,40.989,M,0.11300,3.3609,4.0600,0.79500,0.20205,113.3,113.3,57.938,8466.7,1500.4
365.0,73.560,43.602,M,0.19232,2.8963,4.0600,0.79500,0.18148,100.7,100.7,32.926,5794.7,1001.3
366.0,92.852,45.561,F,0.29254,2.5583,4.0600,0.79500,0.16959,95.714,95.714,18.075,4008.5,679.0
367.0,68.318,39.151,M,0.44940,2.9307,4.0600,0.79500,0.19063,77.202,77.202,9.2939,2651.2,444.6
368.0,72.699,46.369,F,0.13334,2.8619,4.0600,0.79500,0.14502,116.7,116.7,49.634,7726.6,1356.9
369.0,55.005,43.331,M,0.27544,1.9511,4.0600,0.79500,0.15423,120.5,120.5,18.739,4264.6,721.7
370.0,90.665,33.094,F,0.24065,2.4248,4.0600,0.79500,0.21978,105.5,105.5,23.813,4805.3,819.6
371.0,96.430,36.907,M,0.37388,4.0482,4.0600,0.79500,0.24468,63.105,63.105,13.973,3147.7,532.2
372.0,91.541,48.664,M,0.14772,2.9931,4.0600,0.79500,0.18749,109.2,109.2,44.712,7129.5,1247.6
373.0,80.923,39.459,M,0.33275,3.0879,4.0600,0.79500,0.20883,79.900,79.900,15.518,3536.6,597.9
374.0,61.730,37.999,M,0.14337,4.7578,4.0600,0.79500,0.18443,85.387,85.387,46.372,6832.1,1208.2
375.0,78.347,48.393,F,0.14285,2.5101,4.0600,0.79500,0.14601,123.2,123.2,45.918,7435.4,1299.0
376.0,68.522,42.561,F,0.11069,2.9128,4.0600,0.79500,0.15079,123.8,123.8,59.257,8767.7,1551.3
377.0,79.171,46.057,M,0.11857,3.6265,4.0600,0.79500,0.18070,106.7,106.7,55.402,8107.8,1436.2
378.0,43.099,36.019,F,0.17893,2.8745,4.0600,0.79500,0.13301,104.0,104.0,35.910,6154.3,1066.8
379.0,72.785,42.791,M,0.11426,2.2941,4.0600,0.79500,0.18329,141.1,141.1,57.608,8835.7,1555.9
380.0,50.504,40.685,F,0.20651,2.0116,4.0600,0.79500,0.13137,126.9,126.9,28.586,5546.6,949.6
381.0,70.085,37.575,M,0.13520,4.0150,4.0600,0.79500,0.20038,95.775,95.775,49.105,7312.5,1291.6
382.0,63.179,38.272,M,0.14436,3.2199,4.0600,0.79500,0.18578,105.5,105.5,45.944,7195.1,1262.1
383.0,107.4,46.301,F,0.24135,3.2252,4.0600,0.79500,0.18199,86.242,86.242,24.961,4737.5,811.8
384.0,69.758,36.978,M,0.17649,2.9080,4.0600,0.79500,0.20259,103.8,103.8,36.541,6218.0,1078.8
385.0,60.043,41.078,F,0.20630,2.3044,4.0600,0.79500,0.14400,114.9,114.9,29.183,5522.8,947.5
386.0,85.220,38.330,F,0.34904,3.2682,4.0600,0.79500,0.18705,75.474,75.474,14.623,3376.2,570.4
387.0,66.468,39.900,F,0.15845,2.7799,4.0600,0.79500,0.15656,111.2,111.2,41.219,6801.8,1184.9
388.0,132.6,48.724,M,0.14191,3.2677,4.0600,0.79500,0.23202,105.4,105.4,46.778,7273.2,1277.1
389.0,67.889,37.177,M,0.096940,3.2508,4.0600,0.79500,0.19852,122.2,122.2,65.897,9359.1,1665.9
390.0,83.821,36.831,M,0.23727,3.0553,4.0600,0.79500,0.22605,90.003,90.003,25.297,4822.0,826.0
391.0,102.2,39.326,M,0.18620,4.2481,4.0600,0.79500,0.23974,81.047,81.047,35.582,5753.2,1003.8
392.0,104.4,38.045,M,0.21240,3.4137,4.0600,0.79500,0.24967,87.297,87.297,29.738,5272.6,909.8
393.0,99.046,31.638,M,0.32631,4.6587,4.0600,0.79500,0.28344,60.346,60.346,17.792,3552.8,605.4
394.0,62.836,41.795,M,0.16138,3.9197,4.0600,0.79500,0.17178,90.141,90.141,41.269,6473.3,1134.6
395.0,64.306,35.588,M,0.25265,3.0827,4.0600,0.79500,0.19971,87.479,87.479,23.252,4558.1,778.8
396.0,68.092,37.119,M,0.11534,2.5237,4.0600,0.79500,0.19913,132.7,132.7,57.125,8685.8,1531.1
397.0,107.2,41.140,M,0.14769,4.0617,4.0600,0.79500,0.23707,91.753,91.753,45.160,6868.2,1209.2
398.0,76.242,44.900,F,0.12410,3.1783,4.0600,0.79500,0.15323,112.8,112.8,53.298,8022.8,1415.6
399.0,83.336,33.743,F,0.23805,3.2668,4.0600,0.79500,0.20588,85.948,85.948,25.483,4792.1,821.8
400.0,70.728,37.871,M,0.23370,3.8916,4.0600,0.79500,0.20010,77.423,77.423,26.884,4818.4,830.1
401.0,64.006,41.035,F,0.13105,2.3097,4.0600,0.79500,0.14955,133.9,133.9,50.155,7994.7,1400.0
402.0,58.304,40.043,M,0.10365,2.3418,4.0600,0.79500,0.17063,144.1,144.1,63.123,9421.9,1665.7
403.0,51.582,44.099,M,0.22506,1.5865,4.0600,0.79500,0.14640,149.3,149.3,24.482,5165.9,878.8
404.0,93.788,46.283,F,0.13085,3.1615,4.0600,0.79500,0.16830,110.9,110.9,50.667,7738.9,1362.5
405.0,69.925,43.183,M,0.44708,3.0326,4.0600,0.79500,0.17770,75.118,75.118,9.4850,2663.8,446.8
406.0,81.708,41.945,M,0.37515,4.7589,4.0600,0.79500,0.19932,56.356,56.356,14.594,3122.3,529.3
407.0,63.672,47.246,F,0.11616,2.7598,4.0600,0.79500,0.13220,125.5,125.5,56.742,8550.5,1508.9
408.0,70.356,33.415,M,0.21848,2.6729,4.0600,0.79500,0.22199,101.6,101.6,27.640,5217.7,895.0
409.0,70.555,34.807,F,0.13465,2.8599,4.0600,0.79500,0.18210,116.3,116.3,49.144,7672.6,1346.9
410.0,65.614,34.951,F,0.36620,2.0905,4.0600,0.79500,0.17400,107.1,107.1,12.010,3245.3,545.2
411.0,60.386,35.914,F,0.13762,2.7326,4.0600,0.79500,0.16204,118.5,118.5,47.975,7586.8,1329.5
412.0,97.491,43.702,M,0.25310,3.3362,4.0600,0.79500,0.21314,82.845,82.845,23.550,4534.9,775.9
413.0,63.580,30.574,F,0.20945,3.7970,4.0600,0.79500,0.19155,82.242,82.242,30.692,5292.6,916.0
414.0,67.728,39.699,M,0.19941,3.1098,4.0600,0.79500,0.18744,94.915,94.915,31.767,5595.3,966.5
415.0,50.360,30.828,M,0.11783,3.5289,4.0600,0.79500,0.19602,108.6,108.6,55.760,8176.8,1448.1
416.0,59.159,36.212,F,0.24916,3.1429,4.0600,0.79500,0.15901,86.752,86.752,23.790,4611.3,788.7
417.0,78.209,45.807,M,0.21501,3.5462,4.0600,0.79500,0.18026,84.830,84.830,29.446,5204.9,898.4
418.0,67.761,37.966,M,0.17496,3.3733,4.0600,0.79500,0.19478,95.060,95.060,37.429,6184.5,1076.6
419.0,80.250,34.373,M,0.26502,2.4037,4.0600,0.79500,0.23382,103.2,103.2,20.683,4400.6,747.6
420.0,52.604,40.185,M,0.20756,3.1102,4.0600,0.79500,0.16030,93.465,93.465,30.215,5409.3,932.7
421.0,114.4,37.782,F,0.16819,4.0377,4.0600,0.79500,0.22447,87.120,87.120,39.578,6254.0,1094.9
422.0,57.302,40.245,F,0.17016,3.0655,4.0600,0.79500,0.14264,101.9,101.9,38.315,6376.1,1109.2
423.0,70.322,41.657,F,0.24771,1.9439,4.0600,0.79500,0.15590,124.0,124.0,21.970,4708.4,799.8
424.0,54.575,40.891,F,0.15528,2.6831,4.0600,0.79500,0.13680,114.6,114.6,42.055,6930.9,1207.8
425.0,84.605,36.596,F,0.14483,3.5380,4.0600,0.79500,0.19378,99.861,99.861,45.925,7096.7,1247.0
426.0,81.705,39.937,M,0.16857,2.7564,4.0600,0.79500,0.20785,109.2,109.2,38.368,6479.4,1125.4
427.0,99.514,40.447,F,0.18444,3.0895,4.0600,0.79500,0.19540,98.230,98.230,34.901,5971.6,1035.2
428.0,66.865,42.402,F,0.23138,2.0273,4.0600,0.79500,0.14915,122.2,122.2,24.426,5006.8,853.2
429.0,80.556,37.701,M,0.23274,4.8412,4.0600,0.79500,0.21655,68.226,68.226,27.914,4750.3,822.9
430.0,63.355,39.346,F,0.14660,2.2762,4.0600,0.79500,0.15411,130.0,130.0,44.353,7345.3,1279.7
431.0,78.829,43.388,M,0.36709,4.9028,4.0600,0.79500,0.18968,55.719,55.719,15.208,3182.4,540.3
432.0,106.5,34.095,M,0.21705,3.8263,4.0600,0.79500,0.27724,80.656,80.656,29.415,5134.9,887.4
433.0,93.859,45.506,F,0.086405,2.1797,4.0600,0.79500,0.17082,159.8,159.8,73.997,10677.4,1897.4
434.0,75.563,43.368,M,0.19665,3.5221,4.0600,0.79500,0.18517,88.323,88.323,32.808,5608.3,971.9
435.0,66.972,37.571,M,0.19166,2.6578,4.0600,0.79500,0.19520,106.7,106.7,32.718,5842.4,1008.1
436.0,79.098,27.586,M,0.26364,3.3592,4.0600,0.79500,0.27979,81.237,81.237,22.292,4371.2,746.7
437.0,62.463,38.343,F,0.10654,2.5347,4.0600,0.79500,0.15626,136.1,136.1,61.499,9161.4,1619.8
438.0,115.7,36.291,F,0.23823,3.2532,4.0600,0.79500,0.23383,86.161,86.161,25.439,4790.0,821.4
439.0,98.118,38.885,F,0.13393,2.4358,4.0600,0.79500,0.20045,128.5,128.5,49.129,7828.3,1370.8
440.0,78.184,35.887,F,0.15371,2.8351,4.0600,0.79500,0.18825,111.1,111.1,42.695,6952.6,1213.3
441.0,78.772,39.842,F,0.34121,2.6290,4.0600,0.79500,0.17292,89.936,89.936,14.304,3463.9,584.1
442.0,111.7,33.635,M,0.23037,4.8441,4.0600,0.79500,0.28838,68.520,68.520,28.260,4790.1,830.2
443.0,65.282,43.648,F,0.19442,2.6359,4.0600,0.79500,0.14350,106.8,106.8,32.101,5774.8,995.6
444.0,87.620,36.333,F,0.14578,2.8491,4.0600,0.79500,0.19896,113.1,113.1,45.231,7236.3,1265.9
445.0,68.554,35.632,F,0.15703,3.0965,4.0600,0.79500,0.17555,104.5,104.5,41.945,6782.7,1184.5
446.0,101.2,36.622,F,0.22718,3.8439,4.0600,0.79500,0.21477,78.926,78.926,27.810,4940.0,852.0
447.0,83.770,41.219,M,0.14781,3.8062,4.0600,0.79500,0.20526,95.058,95.058,45.078,6927.1,1217.9
448.0,76.431,39.677,M,0.11014,3.5643,4.0600,0.79500,0.20111,110.8,110.8,59.055,8520.7,1512.7
449.0,87.493,40.893,F,0.23309,2.9071,4.0600,0.79500,0.17970,93.702,93.702,25.690,4909.7,841.0
450.0,63.100,42.560,M,0.13242,2.5286,4.0600,0.79500,0.16955,126.1,126.1,49.789,7866.7,1379.0
451.0,61.944,39.634,F,0.10261,2.9017,4.0600,0.79500,0.15117,127.6,127.6,63.315,9211.5,1634.0
452.0,113.9,42.131,F,0.21580,3.0544,4.0600,0.79500,0.20404,93.202,93.202,28.673,5237.9,901.2
453.0,74.367,32.700,M,0.26655,4.2782,4.0600,0.79500,0.23350,69.166,69.166,23.047,4274.6,733.5
454.0,84.726,36.745,F,0.20481,2.7398,4.0600,0.79500,0.19327,102.1,102.1,30.192,5511.8,948.6
455.0,143.2,39.983,M,0.48804,4.5678,4.0600,0.79500,0.28721,53.070,53.070,9.4581,2434.0,409.1
456.0,126.1,48.050,M,0.33619,4.4360,4.0600,0.79500,0.22807,61.572,61.572,16.828,3464.6,589.0
457.0,45.413,30.385,F,0.10848,2.0260,4.0600,0.79500,0.15853,155.2,155.2,60.508,9279.2,1634.4
458.0,83.712,36.128,M,0.18906,3.8998,4.0600,0.79500,0.22962,84.527,84.527,34.721,5736.4,998.2
459.0,61.981,41.285,M,0.28522,3.2694,4.0600,0.79500,0.17222,80.505,80.505,19.826,4074.9,693.4
460.0,141.8,38.553,M,0.29217,6.6414,4.0600,0.79500,0.29458,51.638,51.638,22.231,3816.1,659.6
461.0,66.257,36.008,M,0.26788,3.0674,4.0600,0.79500,0.20116,86.027,86.027,21.396,4324.6,737.0
462.0,60.516,38.781,M,0.22800,2.1544,4.0600,0.79500,0.17918,117.1,117.1,25.187,5064.8,864.3
463.0,74.765,32.696,F,0.30562,2.5896,4.0600,0.79500,0.19864,93.680,93.680,16.951,3846.3,650.7
464.0,104.9,38.777,M,0.25438,3.7835,4.0600,0.79500,0.24628,76.145,76.145,23.955,4485.5,769.3
465.0,54.180,36.505,M,0.23199,3.6075,4.0600,0.79500,0.17699,81.409,81.409,26.807,4873.1,838.4
466.0,77.378,42.546,F,0.29863,2.3141,4.0600,0.79500,0.16181,103.0,103.0,17.128,3939.7,666.1
467.0,92.244,44.013,F,0.17072,3.6312,4.0600,0.79500,0.17400,91.948,91.948,38.690,6258.2,1092.4
468.0,55.923,42.244,M,0.28741,3.8492,4.0600,0.79500,0.15913,71.809,71.809,20.341,4020.3,686.0
469.0,48.557,35.013,M,0.15854,2.9095,4.0600,0.79500,0.17216,108.1,108.1,41.329,6771.8,1180.7
470.0,72.522,46.383,F,0.15537,4.8006,4.0600,0.79500,0.14478,82.111,82.111,43.040,6460.1,1139.1
471.0,88.309,44.931,M,0.13867,3.2499,4.0600,0.79500,0.19659,106.7,106.7,47.869,7400.2,1300.5
472.0,152.3,43.795,F,0.30209,3.0375,4.0600,0.79500,0.23351,83.302,83.302,17.911,3873.4,656.9
473.0,59.320,35.610,F,0.12148,2.0225,4.0600,0.79500,0.16155,149.7,149.7,54.026,8555.9,1500.1
474.0,84.468,41.474,F,0.22540,3.3237,4.0600,0.79500,0.17398,86.760,86.760,27.460,5020.6,863.5
475.0,74.953,39.762,F,0.24659,4.0646,4.0600,0.79500,0.16831,73.727,73.727,25.278,4588.2,789.2
476.0,56.151,36.044,M,0.18333,1.8981,4.0600,0.79500,0.18266,137.2,137.2,33.245,6169.8,1061.0
477.0,80.521,31.877,F,0.18978,3.1423,4.0600,0.79500,0.21187,96.116,96.116,33.789,5825.8,1008.9
478.0,109.6,44.042,F,0.33712,3.0797,4.0600,0.79500,0.19215,79.757,79.757,15.195,3493.5,590.4
479.0,49.960,47.790,M,0.15116,2.3276,4.0600,0.79500,0.13418,126.8,126.8,42.907,7158.3,1245.8
480.0,67.897,41.392,M,0.31350,3.9461,4.0600,0.79500,0.18114,68.360,68.360,18.075,3711.0,631.3
481.0,92.320,41.660,F,0.29610,4.6698,4.0600,0.79500,0.18245,62.713,62.713,20.380,3876.3,663.3
482.0,82.754,41.444,M,0.22590,4.4482,4.0600,0.79500,0.20287,72.548,72.548,28.604,4906.2,849.3
483.0,56.333,41.535,M,0.25068,3.6301,4.0600,0.79500,0.16213,78.650,78.650,24.240,4554.0,780.8
484.0,63.606,43.611,F,0.14382,2.5653,4.0600,0.79500,0.14146,121.2,121.2,45.638,7383.1,1289.9
485.0,82.279,44.953,M,0.13758,2.8471,4.0600,0.79500,0.18864,115.6,115.6,48.063,7556.0,1325.1
486.0,88.705,37.471,F,0.26160,4.0985,4.0600,0.79500,0.19517,71.583,71.583,23.432,4356.5,747.5
487.0,66.357,39.748,F,0.11409,3.2645,4.0600,0.79500,0.15692,114.8,114.8,57.514,8453.2,1496.8
488.0,99.770,36.497,F,0.25428,2.9955,4.0600,0.79500,0.21365,89.043,89.043,22.918,4537.2,774.6
489.0,77.509,43.515,M,0.20528,4.4573,4.0600,0.79500,0.18737,75.586,75.586,32.024,5301.2,921.8
490.0,67.757,36.910,M,0.12578,3.6943,4.0600,0.79500,0.19952,103.2,103.2,52.539,7777.0,1375.2
491.0,90.959,38.617,F,0.15490,2.1935,4.0600,0.79500,0.19299,130.7,130.7,41.526,7049.0,1224.3
492.0,76.727,40.704,M,0.27660,3.8636,4.0600,0.79500,0.19720,72.696,72.696,21.473,4160.3,711.1
493.0,85.459,39.930,M,0.23029,2.8655,4.0600,0.79500,0.21335,95.039,95.039,26.049,4965.6,850.8
494.0,55.959,39.291,F,0.12117,2.9599,4.0600,0.79500,0.14361,118.6,118.6,54.524,8233.0,1452.2
495.0,71.897,42.390,M,0.13403,2.5712,4.0600,0.79500,0.18346,124.2,124.2,49.197,7783.9,1364.2
496.0,49.479,44.462,F,0.12057,2.5010,4.0600,0.79500,0.12035,131.3,131.3,54.720,8428.8,1483.0
497.0,72.038,44.118,M,0.22822,3.2185,4.0600,0.79500,0.17751,88.179,88.179,26.878,4975.8,854.8
498.0,93.985,35.228,M,0.12098,3.9488,4.0600,0.79500,0.25086,101.1,101.1,54.250,7888.2,1398.5
499.0,93.486,38.276,F,0.12599,4.2758,4.0600,0.79500,0.19757,95.294,95.294,52.189,7577.3,1343.4
500.0,85.726,40.077,M,0.28604,4.1370,4.0600,0.79500,0.21307,68.640,68.640,20.806,4023.7,687.7
501.0,58.446,34.363,F,0.21443,2.8783,4.0600,0.79500,0.16512,97.184,97.184,28.655,5284.1,908.4
502.0,61.171,40.277,F,0.14366,2.3132,4.0600,0.79500,0.14803,129.6,129.6,45.417,7453.4,1300.0
503.0,94.424,36.281,M,0.51557,3.4914,4.0600,0.79500,0.24529,64.780,64.780,7.7439,2314.5,387.7
504.0,42.002,45.135,M,0.13814,2.1664,4.0600,0.79500,0.12745,137.1,137.1,47.241,7721.9,1347.8
505.0,96.024,42.620,M,0.25733,4.5051,4.0600,0.79500,0.21586,68.039,68.039,24.364,4391.8,755.8
506.0,72.386,45.031,M,0.17047,2.8161,4.0600,0.79500,0.17491,107.3,107.3,37.945,6410.8,1113.4
507.0,76.299,35.476,F,0.15032,2.8074,4.0600,0.79500,0.18745,112.8,112.8,43.724,7079.4,1236.4
508.0,71.200,43.072,F,0.11923,2.3623,4.0600,0.79500,0.15261,136.5,136.5,55.273,8547.1,1503.2
509.0,66.375,28.609,M,0.26445,3.5844,4.0600,0.79500,0.24508,77.693,77.693,22.490,4346.3,743.3
510.0,66.409,35.334,M,0.19666,2.6396,4.0600,0.79500,0.20471,106.3,106.3,31.643,5718.3,985.4
511.0,115.6,43.314,M,0.12789,5.6777,4.0600,0.79500,0.23698,81.699,81.699,50.425,7072.0,1259.8
512.0,109.3,44.120,F,0.20935,2.5643,4.0600,0.79500,0.19148,106.1,106.1,29.066,5426.4,931.9
513.0,57.766,37.369,F,0.19717,2.8526,4.0600,0.79500,0.15267,100.8,100.8,31.860,5680.1,980.1
514.0,80.064,39.854,M,0.25051,2.6068,4.0600,0.79500,0.20579,98.831,98.831,22.793,4622.3,787.9
515.0,96.744,37.688,M,0.19045,4.8939,4.0600,0.79500,0.24080,74.266,74.266,35.074,5558.8,972.2
516.0,80.740,44.439,M,0.10151,4.3188,4.0600,0.79500,0.18843,103.0,103.0,61.941,8604.3,1535.9
517.0,76.160,35.384,M,0.20359,3.4083,4.0600,0.79500,0.22131,88.870,88.870,31.334,5464.0,944.7
518.0,41.974,44.710,M,0.10912,2.6355,4.0600,0.79500,0.12843,131.9,131.9,60.142,8971.8,1585.8
519.0,83.084,39.438,M,0.17434,3.3402,4.0600,0.79500,0.21213,95.758,95.758,37.547,6207.3,1080.6
520.0,97.717,35.995,M,0.22329,3.3887,4.0600,0.79500,0.25189,85.999,85.999,27.881,5055.5,870.2
521.0,46.629,39.275,M,0.10025,3.1547,4.0600,0.79500,0.15246,122.7,122.7,64.280,9220.8,1638.9
522.0,55.606,36.370,M,0.21481,1.9031,4.0600,0.79500,0.18024,130.9,130.9,26.862,5364.5,916.2
523.0,129.2,44.120,F,0.18985,6.1400,4.0600,0.79500,0.21101,66.118,66.118,35.509,5385.5,947.5
524.0,106.5,45.263,M,0.14432,2.4765,4.0600,0.79500,0.21772,123.8,123.8,45.374,7385.8,1289.4
525.0,51.948,49.497,F,0.20317,2.5851,4.0600,0.79500,0.11295,106.6,106.6,30.262,5567.0,957.5
526.0,142.6,45.984,M,0.27927,3.9645,4.0600,0.79500,0.25427,71.221,71.221,21.307,4119.5,704.2
527.0,65.418,39.251,M,0.21146,2.6580,4.0600,0.79500,0.18551,103.1,103.1,28.836,5370.0,922.4
528.0,52.407,42.799,M,0.25445,3.4420,4.0600,0.79500,0.15157,80.976,80.976,23.519,4506.7,771.4
529.0,54.365,38.179,M,0.31598,3.4832,4.0600,0.79500,0.17068,74.341,74.341,17.317,3700.1,627.8
530.0,94.152,35.522,M,0.11601,4.3658,4.0600,0.79500,0.24934,97.383,97.383,55.828,7943.4,1412.7
531.0,60.928,44.952,F,0.10894,2.8362,4.0600,0.79500,0.13447,126.5,126.5,60.145,8893.2,1573.8
532.0,113.0,36.570,F,0.19103,2.7965,4.0600,0.79500,0.22920,103.3,103.3,33.059,5840.5,1008.8
533.0,85.391,39.234,F,0.16936,2.8793,4.0600,0.79500,0.18357,106.1,106.1,38.311,6433.3,1118.1
534.0,88.299,38.882,F,0.14121,2.7592,4.0600,0.79500,0.18861,116.7,116.7,46.713,7435.1,1301.7
535.0,80.632,35.588,F,0.20887,3.6401,4.0600,0.79500,0.19301,84.464,84.464,30.628,5322.5,920.4
536.0,118.8,37.356,F,0.14388,3.8652,4.0600,0.79500,0.23166,95.311,95.311,46.300,7045.9,1240.5
537.0,52.747,37.155,M,0.25871,2.7859,4.0600,0.79500,0.17166,93.213,93.213,22.052,4478.9,763.2
538.0,87.155,38.006,F,0.21683,3.4634,4.0600,0.79500,0.19087,85.802,85.802,29.037,5176.4,892.6
539.0,50.094,36.113,F,0.067014,3.5760,4.0600,0.79500,0.14477,130.9,130.9,83.579,11099.9,1994.9
540.0,51.224,45.510,M,0.14510,2.4193,4.0600,0.79500,0.14194,125.4,125.4,45.042,7369.4,1285.8
541.0,97.072,39.379,F,0.23591,3.7920,4.0600,0.79500,0.19707,78.372,78.372,26.450,4788.1,824.0
542.0,124.1,43.834,M,0.16605,4.2374,4.0600,0.79500,0.24438,85.297,85.297,40.202,6275.4,1100.5
543.0,49.270,44.353,M,0.15175,2.8797,4.0600,0.79500,0.14187,110.6,110.6,43.341,7011.5,1224.6
544.0,71.203,38.744,M,0.32109,2.8077,4.0600,0.79500,0.19700,86.805,86.805,16.010,3665.2,619.7
545.0,125.4,31.170,M,0.13473,3.5331,4.0600,0.79500,0.32904,102.9,102.9,49.299,7470.9,1316.5
546.0,81.024,40.667,M,0.33459,3.8381,4.0600,0.79500,0.20367,68.068,68.068,16.303,3497.9,593.2
547.0,97.393,46.940,F,0.16152,4.1040,4.0600,0.79500,0.16995,87.842,87.842,41.308,6431.1,1128.3
548.0,50.998,38.105,M,0.40830,2.9867,4.0600,0.79500,0.16476,77.661,77.661,11.031,2909.7,489.0
549.0,124.5,42.909,M,0.36868,6.1185,4.0600,0.79500,0.24943,48.456,48.456,16.089,3137.1,535.1
550.0,117.7,43.367,M,0.60869,3.5239,4.0600,0.79500,0.23927,62.214,62.214,5.7058,1965.3,328.5
551.0,88.788,36.947,M,0.21852,3.0145,4.0600,0.79500,0.23307,93.580,93.580,28.155,5185.4,891.4
552.0,102.7,40.404,F,0.21187,2.1780,4.0600,0.79500,0.19919,118.7,118.7,27.924,5406.6,925.7
553.0,78.052,33.286,F,0.31417,3.1669,4.0600,0.79500,0.20055,79.796,79.796,17.056,3730.2,632.1
554.0,84.637,45.122,M,0.19184,4.1115,4.0600,0.79500,0.19113,81.493,81.493,34.322,5640.6,982.1
555.0,50.241,52.144,F,0.094250,1.5501,4.0600,0.79500,0.10596,193.0,193.0,69.094,10479.4,1849.7
556.0,105.4,32.770,M,0.29285,4.1887,4.0600,0.79500,0.28505,67.460,67.460,20.195,3937.3,672.5
557.0,86.797,35.409,M,0.22324,3.5977,4.0600,0.79500,0.23854,82.811,82.811,28.146,5036.9,868.1
558.0,85.647,32.355,M,0.15816,3.6538,4.0600,0.79500,0.25566,94.574,94.574,42.011,6627.1,1160.8
559.0,106.9,37.132,F,0.16806,2.8639,4.0600,0.79500,0.21912,106.8,106.8,38.636,6475.9,1125.8
560.0,125.2,37.071,M,0.19651,4.3045,4.0600,0.79500,0.28341,78.579,78.579,33.543,5508.1,959.0
561.0,88.401,39.800,F,0.15029,2.5529,4.0600,0.79500,0.18501,119.7,119.7,43.469,7139.4,1244.8
562.0,77.799,43.336,F,0.15923,2.8810,4.0600,0.79500,0.15979,108.6,108.6,41.100,6754.9,1177.3
563.0,82.100,39.383,M,0.20258,4.4112,4.0600,0.79500,0.21093,76.475,76.475,32.480,5363.3,933.0
564.0,78.747,45.689,F,0.13474,3.0064,4.0600,0.79500,0.15381,112.9,112.9,49.177,7625.6,1339.8
565.0,67.701,35.526,F,0.19896,3.3296,4.0600,0.79500,0.17473,90.996,90.996,32.131,5578.9,965.1
566.0,129.8,37.989,M,0.37419,3.9320,4.0600,0.79500,0.28343,64.422,64.422,13.833,3147.6,531.9
567.0,94.745,39.010,M,0.44126,3.8072,4.0600,0.79500,0.23101,62.783,62.783,10.482,2690.5,452.4
568.0,88.481,43.013,M,0.25234,2.9443,4.0600,0.79500,0.20428,90.361,90.361,23.089,4571.8,780.6
569.0,55.784,40.037,M,0.26303,2.8512,4.0600,0.79500,0.16635,91.178,91.178,21.636,4408.5,751.0
570.0,76.339,28.193,M,0.17767,4.2275,4.0600,0.79500,0.26906,82.943,82.943,37.434,5967.4,1043.3
571.0,79.726,37.608,M,0.31162,3.9957,4.0600,0.79500,0.21571,67.939,67.939,18.289,3729.6,634.7
572.0,102.3,49.123,M,0.14457,3.9624,4.0600,0.79500,0.19828,93.835,93.835,46.097,6997.4,1232.4
573.0,44.710,36.185,M,0.12110,3.0135,4.0600,0.79500,0.15959,117.4,117.4,54.549,8216.7,1449.8
574.0,62.555,38.907,M,0.18879,3.1874,4.0600,0.79500,0.18214,95.461,95.461,34.059,5844.8,1012.7
575.0,95.884,39.172,F,0.15638,2.9766,4.0600,0.79500,0.19656,107.2,107.2,42.027,6830.0,1192.1
576.0,81.706,38.338,M,0.23705,3.5246,4.0600,0.79500,0.21523,81.924,81.924,25.965,4789.8,822.9
577.0,52.222,38.755,M,0.21350,3.9491,4.0600,0.79500,0.16464,79.693,79.693,30.143,5192.9,898.7
578.0,38.005,32.964,F,0.11663,2.4858,4.0600,0.79500,0.13341,133.4,133.4,56.517,8634.0,1521.0
579.0,81.781,40.194,F,0.21995,3.8610,4.0600,0.79500,0.17539,79.776,79.776,28.974,5074.8,876.6
580.0,75.012,33.374,M,0.27931,2.4806,4.0600,0.79500,0.23061,99.291,99.291,19.254,4188.4,710.4
581.0,72.087,40.179,F,0.12338,1.9694,4.0600,0.79500,0.16310,151.6,151.6,53.110,8476.5,1484.7
582.0,55.747,41.052,M,0.25012,2.8525,4.0600,0.79500,0.16277,92.679,92.679,23.235,4613.9,787.6
583.0,44.739,40.312,F,0.24063,2.6465,4.0600,0.79500,0.12345,99.021,99.021,24.189,4790.8,818.2
584.0,69.536,36.381,M,0.20792,3.2576,4.0600,0.79500,0.20504,90.673,90.673,30.344,5385.4,929.3
585.0,63.140,35.636,F,0.11817,2.3091,4.0600,0.79500,0.16738,138.9,138.9,55.743,8621.9,1516.3
586.0,84.576,46.741,M,0.32413,3.3961,4.0600,0.79500,0.18538,75.072,75.072,16.560,3616.2,612.8
587.0,83.688,27.793,M,0.26589,6.7812,4.0600,0.79500,0.28723,53.497,53.497,24.943,4112.5,714.5
588.0,61.684,32.295,M,0.12275,4.0050,4.0600,0.79500,0.21182,99.721,99.721,53.540,7795.8,1381.7
589.0,48.676,40.756,M,0.088044,2.8941,4.0600,0.79500,0.15143,134.8,134.8,71.643,10106.7,1801.2
590.0,89.865,36.217,F,0.19309,3.1184,4.0600,0.79500,0.20244,95.933,95.933,33.060,5746.5,994.2
591.0,86.818,45.147,F,0.28641,2.6030,4.0600,0.79500,0.16440,95.022,95.022,18.734,4086.7,693.0
592.0,68.610,42.542,M,0.075682,3.8298,4.0600,0.79500,0.17802,121.5,121.5,76.814,10309.8,1850.0
593.0,65.701,28.190,F,0.21642,2.9443,4.0600,0.79500,0.20923,95.399,95.399,28.409,5235.6,900.0
594.0,79.418,41.658,M,0.16455,4.4491,4.0600,0.79500,0.19723,83.395,83.395,40.646,6275.3,1102.1
595.0,85.932,51.639,F,0.18581,4.4586,4.0600,0.79500,0.14571,78.977,78.977,35.793,5730.3,1001.1
596.0,124.6,40.609,F,0.21424,3.4562,4.0600,0.79500,0.22174,86.325,86.325,29.469,5229.9,902.3
597.0,88.049,38.801,F,0.13817,3.5312,4.0600,0.79500,0.18864,101.9,101.9,48.112,7340.7,1292.3
598.0,90.915,34.627,F,0.23513,2.8533,4.0600,0.79500,0.21177,94.631,94.631,25.306,4876.0,834.6
599.0,98.966,33.195,M,0.30144,4.9515,4.0600,0.79500,0.27192,60.054,60.054,20.153,3802.2,651.0
600.0,113.3,45.138,M,0.35848,2.8716,4.0600,0.79500,0.22621,82.788,82.788,13.523,3299.6,556.1
601.0,88.441,40.222,M,0.21002,2.7978,4.0600,0.79500,0.21627,99.800,99.800,29.315,5387.7,926.6
602.0,63.248,41.673,M,0.13226,3.4935,4.0600,0.79500,0.17286,104.3,104.3,50.176,7579.3,1336.3
603.0,83.856,40.301,F,0.15851,4.3053,4.0600,0.79500,0.17754,86.268,86.268,42.162,6476.9,1138.4
604.0,72.222,36.855,M,0.27426,3.6306,4.0600,0.79500,0.20728,75.984,75.984,21.442,4204.4,718.0
605.0,70.755,34.115,M,0.46833,3.3825,4.0600,0.79500,0.21881,67.944,67.944,9.0794,2543.2,426.6
606.0,74.817,42.773,M,0.21218,3.6112,4.0600,0.79500,0.18629,84.334,84.334,30.009,5256.2,908.1
607.0,75.679,40.771,M,0.18387,3.3488,4.0600,0.79500,0.19537,93.581,93.581,35.324,5947.8,1032.9
608.0,91.225,44.332,M,0.24563,3.1747,4.0600,0.79500,0.20262,86.606,86.606,24.305,4668.1,799.0
609.0,51.564,46.570,F,0.10001,2.3149,4.0600,0.79500,0.11847,146.9,146.9,65.193,9659.9,1709.7
610.0,99.318,26.002,F,0.14632,3.9870,4.0600,0.79500,0.28465,93.049,93.049,45.562,6932.0,1220.4
611.0,86.929,41.639,M,0.23158,3.8168,4.0600,0.79500,0.20789,78.647,78.647,27.113,4862.4,837.7
612.0,99.805,30.747,F,0.26026,3.9788,4.0600,0.79500,0.24738,73.079,73.079,23.459,4383.8,751.9
613.0,93.567,41.877,M,0.15115,4.3967,4.0600,0.79500,0.21587,87.052,87.052,44.186,6677.8,1176.6
614.0,82.784,40.167,F,0.16988,2.6789,4.0600,0.79500,0.17673,110.9,110.9,37.920,6452.6,1119.8
615.0,62.901,41.699,M,0.31538,2.2268,4.0600,0.79500,0.17222,104.8,104.8,15.585,3743.6,631.7
616.0,82.326,33.678,M,0.15751,5.7843,4.0600,0.79500,0.24148,74.136,74.136,42.332,6187.8,1095.1
617.0,95.862,34.788,F,0.16070,2.5099,4.0600,0.79500,0.21750,118.1,118.1,40.230,6780.2,1178.3
618.0,101.3,36.937,M,0.30209,3.6697,4.0600,0.79500,0.25152,72.806,72.806,18.737,3849.8,655.0
619.0,52.323,38.010,M,0.13102,3.3092,4.0600,0.79500,0.16758,108.0,108.0,50.622,7685.9,1354.2
620.0,97.347,40.887,F,0.24209,2.8469,4.0600,0.79500,0.19116,93.836,93.836,24.304,4751.3,812.2
621.0,102.0,46.360,F,0.11368,3.8300,4.0600,0.79500,0.17640,105.3,105.3,57.278,8248.2,1464.6
622.0,78.328,39.584,M,0.14189,3.2409,4.0600,0.79500,0.20438,105.9,105.9,46.772,7281.0,1278.3
623.0,112.9,36.561,M,0.25614,3.9066,4.0600,0.79500,0.27018,74.406,74.406,23.878,4450.2,763.5
624.0,82.356,35.843,F,0.28084,3.1552,4.0600,0.79500,0.19420,82.989,82.989,20.115,4138.1,704.2
625.0,50.020,39.313,M,0.19633,1.8851,4.0600,0.79500,0.15864,135.2,135.2,30.342,5813.4,996.6
626.0,84.393,42.349,M,0.43674,3.7463,4.0600,0.79500,0.20143,63.754,63.754,10.605,2718.0,457.0
627.0,87.184,33.944,F,0.20266,3.4075,4.0600,0.79500,0.21025,89.044,89.044,31.509,5484.9,948.5
628.0,63.379,39.394,M,0.14124,3.6292,4.0600,0.79500,0.18158,99.452,99.452,47.107,7201.1,1267.2
629.0,59.621,43.606,F,0.18075,2.6981,4.0600,0.79500,0.13628,107.9,107.9,35.234,6130.0,1060.9
630.0,96.068,35.856,M,0.29962,3.4927,4.0600,0.79500,0.25025,75.562,75.562,18.741,3885.9,660.7
631.0,83.829,38.304,F,0.12332,2.9542,4.0600,0.79500,0.18538,118.0,118.0,53.621,8135.8,1434.1
632.0,80.453,36.457,M,0.14699,4.3479,4.0600,0.79500,0.22268,88.618,88.618,45.378,6820.3,1202.7
633.0,91.379,42.001,M,0.20521,3.3604,4.0600,0.79500,0.21240,89.373,89.373,30.973,5433.5,938.8
634.0,111.3,36.871,M,0.26449,3.2555,4.0600,0.79500,0.26605,82.900,82.900,22.052,4364.5,745.0
635.0,84.986,36.103,F,0.13926,3.1631,4.0600,0.79500,0.19655,108.2,108.2,47.633,7401.7,1299.9
636.0,86.604,36.601,F,0.17413,3.0075,4.0600,0.79500,0.19639,102.1,102.1,37.245,6269.7,1089.2
637.0,46.609,40.619,M,0.18480,3.6077,4.0600,0.79500,0.14810,89.314,89.314,35.377,5885.0,1023.4
638.0,124.1,38.983,F,0.15502,4.6789,4.0600,0.79500,0.22910,83.311,83.311,43.134,6497.3,1145.1
639.0,62.626,36.195,M,0.38331,3.0813,4.0600,0.79500,0.19386,76.946,76.946,12.371,3091.1,520.4
640.0,90.717,43.236,M,0.30328,2.5082,4.0600,0.79500,0.20634,96.241,96.241,17.028,3876.8,655.8
641.0,66.151,32.309,M,0.16055,3.4896,4.0600,0.79500,0.22047,96.503,96.503,41.248,6586.9,1152.0
642.0,84.165,41.036,F,0.28906,3.8905,4.0600,0.79500,0.17520,71.148,71.148,20.226,3997.7,682.1
643.0,74.071,39.346,M,0.73157,2.2437,4.0600,0.79500,0.19891,91.788,91.788,3.2825,1639.0,273.4
644.0,55.850,39.523,F,0.096864,1.9540,4.0600,0.79500,0.14273,164.8,164.8,67.276,10060.6,1778.7
645.0,126.6,33.854,F,0.21556,3.8623,4.0600,0.79500,0.26141,80.433,80.433,29.703,5160.8,892.3
646.0,58.511,44.553,M,0.097329,2.9431,4.0600,0.79500,0.15609,128.9,128.9,66.116,9496.9,1687.9
647.0,69.754,35.663,F,0.29297,3.2122,4.0600,0.79500,0.17719,80.785,80.785,18.991,3978.2,676.1
648.0,74.303,48.579,M,0.17235,2.6471,4.0600,0.79500,0.16644,111.2,111.2,37.235,6382.8,1106.7
649.0,63.665,39.946,F,0.14129,2.7938,4.0600,0.79500,0.15256,115.8,115.8,46.712,7422.8,1299.8
650.0,117.8,34.757,M,0.19912,5.8612,4.0600,0.79500,0.28917,66.211,66.211,33.799,5241.9,919.2
651.0,102.9,36.077,M,0.23056,4.9563,4.0600,0.79500,0.25898,67.625,67.625,28.317,4776.2,828.2
652.0,37.234,48.668,F,0.052540,2.4672,4.0600,0.79500,0.094524,171.9,171.9,102.0,13487.2,2426.4
653.0,87.420,36.531,M,0.20494,4.7111,4.0600,0.79500,0.23323,73.351,73.351,32.263,5276.8,918.9
654.0,69.745,39.908,M,0.18098,3.0404,4.0600,0.79500,0.18980,99.951,99.951,35.634,6071.9,1053.2
655.0,83.844,40.936,F,0.14740,3.9155,4.0600,0.79500,0.17517,93.689,93.689,45.225,6913.8,1216.4
656.0,80.863,44.036,F,0.17041,3.2861,4.0600,0.79500,0.16118,97.594,97.594,38.475,6329.4,1102.6
657.0,51.484,40.189,M,0.32804,2.5301,4.0600,0.79500,0.15830,93.655,93.655,15.087,3598.6,607.3
658.0,93.605,36.478,F,0.21635,2.8379,4.0600,0.79500,0.20601,97.802,97.802,28.261,5247.2,901.4
659.0,76.545,40.959,F,0.13798,3.9018,4.0600,0.79500,0.16611,96.469,96.469,48.196,7244.1,1277.8
660.0,82.931,43.055,F,0.13294,2.5538,4.0600,0.79500,0.16673,125.1,125.1,49.603,7836.1,1373.7
661.0,138.9,40.515,F,0.15761,5.0044,4.0600,0.79500,0.23656,79.846,79.846,42.451,6352.3,1120.5
662.0,93.186,46.991,M,0.21069,4.5020,4.0600,0.79500,0.19518,74.304,74.304,31.111,5186.9,901.1
663.0,60.378,37.194,M,0.17667,3.1571,4.0600,0.79500,0.18544,98.568,98.568,36.792,6172.6,1072.6
664.0,52.321,34.684,F,0.12390,2.5479,4.0600,0.79500,0.15366,128.6,128.6,53.280,8250.0,1450.4
665.0,54.546,41.773,M,0.13566,2.6801,4.0600,0.79500,0.15836,120.6,120.6,48.661,7682.9,1346.7
666.0,49.489,40.009,M,0.18416,2.4059,4.0600,0.79500,0.15532,115.8,115.8,33.985,6076.9,1048.7
667.0,67.456,42.648,F,0.14328,2.8248,4.0600,0.79500,0.14917,114.4,114.4,46.050,7337.3,1284.3
668.0,111.2,29.976,M,0.21471,4.7156,4.0600,0.79500,0.31736,71.794,71.794,30.595,5084.7,883.6
669.0,68.613,37.434,M,0.34071,2.5479,4.0600,0.79500,0.19857,92.258,92.258,14.223,3470.5,585.0
670.0,117.5,35.914,F,0.17454,5.5208,4.0600,0.79500,0.23806,72.529,72.529,38.502,5819.5,1024.7
671.0,62.534,42.772,F,0.082537,3.7361,4.0600,0.79500,0.14242,119.7,119.7,72.951,9937.3,1779.5
672.0,74.108,30.822,F,0.12223,3.7302,4.0600,0.79500,0.20784,103.8,103.8,53.885,7912.3,1400.8
673.0,83.438,42.295,M,0.12566,3.4628,4.0600,0.79500,0.20033,107.0,107.0,52.645,7859.0,1388.1
674.0,83.086,41.013,F,0.085330,2.6972,4.0600,0.79500,0.17398,141.7,141.7,73.777,10415.8,1856.3
675.0,72.589,34.498,F,0.25166,2.6359,4.0600,0.79500,0.18653,97.893,97.893,22.694,4601.5,784.3
676.0,68.106,28.698,M,0.13761,5.4199,4.0600,0.79500,0.24809,81.200,81.200,47.739,6837.7,1214.2
677.0,55.670,32.489,F,0.25418,3.4733,4.0600,0.79500,0.16842,80.524,80.524,23.594,4508.9,771.9
678.0,87.017,38.521,M,0.14665,2.7977,4.0600,0.79500,0.22231,114.1,114.1,44.903,7216.7,1261.7
679.0,73.321,43.104,M,0.17260,3.5686,4.0600,0.79500,0.18292,92.461,92.461,38.176,6216.5,1084.1
680.0,72.238,39.895,M,0.34620,3.6241,4.0600,0.79500,0.19374,70.099,70.099,15.240,3393.8,574.3
681.0,118.9,37.706,F,0.30997,2.6104,4.0600,0.79500,0.22999,92.740,92.740,16.615,3794.8,641.7
682.0,107.1,34.291,F,0.21665,3.3975,4.0600,0.79500,0.23479,86.878,86.878,28.986,5186.6,894.1
683.0,74.375,38.061,F,0.10788,2.3729,4.0600,0.79500,0.17394,141.0,141.0,60.839,9158.0,1616.9
684.0,65.160,44.242,M,0.12973,4.4849,4.0600,0.79500,0.16710,91.818,91.818,50.769,7371.3,1306.7
685.0,101.1,42.024,F,0.14057,2.4918,4.0600,0.79500,0.19090,124.5,124.5,46.709,7532.3,1316.7
686.0,74.827,35.785,F,0.14596,3.1730,4.0600,0.79500,0.18399,106.0,106.0,45.399,7148.8,1253.0
687.0,84.742,36.641,M,0.24777,2.7354,4.0600,0.79500,0.22849,95.788,95.788,23.361,4660.8,795.4
688.0,72.753,41.117,M,0.14034,2.8962,4.0600,0.79500,0.18959,113.6,113.6,47.116,7432.7,1302.8
689.0,57.198,41.563,F,0.091975,3.6692,4.0600,0.79500,0.13862,116.5,116.5,67.814,9419.3,1681.9
690.0,100.1,41.242,M,0.24073,4.1146,4.0600,0.79500,0.22739,73.918,73.918,26.124,4679.9,806.1
691.0,72.338,37.223,M,0.10866,5.7466,4.0600,0.79500,0.20572,86.457,86.457,56.694,7717.4,1381.1
692.0,107.1,40.690,F,0.18114,2.8692,4.0600,0.79500,0.20288,103.7,103.7,35.379,6093.6,1055.7
693.0,131.2,42.316,M,0.19532,4.7854,4.0600,0.79500,0.26009,74.317,74.317,34.077,5468.1,954.7
694.0,68.832,47.916,F,0.17736,3.1207,4.0600,0.79500,0.13663,99.119,99.119,36.584,6159.0,1069.8
695.0,73.640,30.062,F,0.21072,3.6509,4.0600,0.79500,0.21154,84.008,84.008,30.310,5282.2,913.2
696.0,77.180,40.127,F,0.21819,2.5745,4.0600,0.79500,0.16986,104.3,104.3,27.527,5232.5,897.0
697.0,74.193,35.566,M,0.093347,2.9063,4.0600,0.79500,0.21704,131.8,131.8,68.431,9759.2,1736.4
698.0,90.422,36.968,M,0.39967,4.0169,4.0600,0.79500,0.23542,62.094,62.094,12.549,2955.5,498.6
699.0,87.657,48.240,M,0.22021,2.7422,4.0600,0.79500,0.18422,99.500,99.500,27.461,5175.5,887.8
700.0,57.884,37.803,F,0.12832,2.9335,4.0600,0.79500,0.15135,116.7,116.7,51.593,7919.1,1393.5
701.0,90.014,35.271,M,0.31016,3.7537,4.0600,0.79500,0.24442,71.007,71.007,18.133,3754.7,638.4
702.0,67.182,40.532,M,0.14408,2.5494,4.0600,0.79500,0.18329,121.6,121.6,45.534,7377.0,1288.6
703.0,83.954,40.042,M,0.18284,2.5660,4.0600,0.79500,0.21066,111.1,111.1,34.547,6091.0,1052.6
704.0,80.109,36.151,M,0.25713,3.6957,4.0600,0.79500,0.22374,76.978,76.978,23.507,4449.0,762.3
705.0,91.906,47.517,F,0.12371,3.3202,4.0600,0.79500,0.16264,110.2,110.2,53.438,7991.1,1411.2
706.0,71.016,35.407,M,0.14067,2.9852,4.0600,0.79500,0.21243,111.5,111.5,47.057,7395.9,1296.9
707.0,90.962,39.636,M,0.26253,3.7390,4.0600,0.79500,0.22258,75.783,75.783,22.907,4365.2,747.4
708.0,71.163,42.056,M,0.12352,2.9923,4.0600,0.79500,0.18361,117.0,117.0,53.538,8113.2,1430.3
709.0,55.339,44.474,F,0.14437,3.4225,4.0600,0.79500,0.12836,101.9,101.9,46.031,7142.6,1254.4
710.0,39.979,42.055,F,0.13853,2.7186,4.0600,0.79500,0.11157,118.6,118.6,47.635,7553.5,1323.2
711.0,37.802,38.287,F,0.11773,1.9669,4.0600,0.79500,0.11704,154.0,154.0,55.749,8775.6,1540.1
712.0,83.438,36.515,M,0.21202,4.7305,4.0600,0.79500,0.22711,72.076,72.076,31.052,5134.4,892.8
713.0,49.085,39.672,F,0.19271,2.6346,4.0600,0.79500,0.13204,107.2,107.2,32.458,5818.4,1003.5
714.0,88.037,35.381,M,0.29837,3.3169,4.0600,0.79500,0.24066,78.477,78.477,18.627,3907.7,664.0
715.0,64.895,39.159,F,0.20142,1.9550,4.0600,0.79500,0.15690,130.6,130.6,29.455,5676.3,972.5
716.0,79.783,32.342,F,0.22095,3.7165,4.0600,0.79500,0.20816,81.501,81.501,28.654,5069.8,874.8
717.0,73.105,39.334,M,0.19946,2.8405,4.0600,0.79500,0.19746,100.7,100.7,31.383,5626.2,970.2
718.0,66.195,39.847,M,0.43820,2.4293,4.0600,0.79500,0.18439,91.025,91.025,9.1623,2721.4,456.0
719.0,103.5,36.235,F,0.19546,3.2629,4.0600,0.79500,0.21959,92.800,92.800,32.750,5669.9,981.3
720.0,54.255,47.042,M,0.13982,2.9892,4.0600,0.79500,0.14264,111.6,111.6,47.353,7427.8,1302.9
721.0,113.3,40.152,F,0.17061,3.2294,4.0600,0.79500,0.21189,98.573,98.573,38.368,6333.6,1102.9
722.0,65.505,41.721,F,0.18860,3.1626,4.0600,0.79500,0.14944,95.964,95.964,34.069,5853.0,1014.0
723.0,68.921,38.635,F,0.10408,2.1032,4.0600,0.79500,0.16433,153.7,153.7,62.941,9511.3,1678.8
724.0,88.993,40.466,M,0.26886,2.6486,4.0600,0.79500,0.21593,95.565,95.565,20.649,4331.0,736.3
725.0,82.097,40.508,M,0.27305,3.3717,4.0600,0.79500,0.20591,80.013,80.013,21.240,4234.7,722.3
726.0,75.008,27.478,F,0.30636,3.7349,4.0600,0.79500,0.23086,71.569,71.569,18.438,3798.1,646.0
727.0,82.112,46.316,F,0.11477,2.7263,4.0600,0.79500,0.15575,127.0,127.0,57.387,8634.2,1524.1
728.0,60.607,41.416,M,0.12644,2.6447,4.0600,0.79500,0.16954,124.8,124.8,52.255,8098.4,1423.4
729.0,108.8,39.726,F,0.13914,4.2589,4.0600,0.79500,0.20891,91.691,91.691,47.778,7104.3,1254.9
730.0,85.815,41.454,F,0.13193,3.4439,4.0600,0.79500,0.17565,105.3,105.3,50.295,7607.6,1341.1
731.0,73.914,42.883,F,0.16873,4.1519,4.0600,0.79500,0.15653,85.665,85.665,39.502,6217.6,1089.1
732.0,74.595,35.861,M,0.28110,3.7238,4.0600,0.79500,0.21618,74.024,74.024,20.830,4107.5,701.1
733.0,105.0,41.346,F,0.28439,4.8301,4.0600,0.79500,0.19781,62.508,62.508,21.670,4008.2,687.7
734.0,52.178,34.784,F,0.23239,2.3795,4.0600,0.79500,0.15304,108.2,108.2,24.929,4962.3,847.3
735.0,61.859,35.025,M,0.29487,3.4657,4.0600,0.79500,0.19796,76.398,76.398,19.146,3944.3,671.0
736.0,126.9,35.288,M,0.18332,3.9750,4.0600,0.79500,0.29801,84.712,84.712,36.010,5865.8,1022.6
737.0,80.045,49.408,F,0.13892,3.0478,4.0600,0.79500,0.14523,110.6,110.6,47.697,7446.7,1307.0
738.0,69.041,46.669,F,0.13617,2.0961,4.0600,0.79500,0.13999,140.8,140.8,47.907,7827.7,1366.5
739.0,111.8,55.000,M,0.30965,4.8402,4.0600,0.79500,0.18958,60.200,60.200,19.326,3717.3,635.4
740.0,103.0,46.746,F,0.20910,4.3536,4.0600,0.79500,0.17618,75.980,75.980,31.269,5235.9,909.2
741.0,50.273,34.627,F,0.12310,1.5671,4.0600,0.79500,0.15037,177.2,177.2,52.746,8630.5,1507.3
742.0,84.332,37.668,M,0.27225,3.4065,4.0600,0.79500,0.22253,79.538,79.538,21.375,4244.2,724.2
743.0,75.060,40.464,F,0.15787,3.2234,4.0600,0.79500,0.16595,101.8,101.8,41.806,6728.0,1175.6
744.0,65.742,34.769,M,0.18414,3.4515,4.0600,0.79500,0.20634,91.835,91.835,35.370,5925.4,1029.6
745.0,81.018,36.729,F,0.18962,3.1227,4.0600,0.79500,0.18840,96.526,96.526,33.800,5832.6,1010.0
746.0,75.323,35.376,M,0.44008,3.2323,4.0600,0.79500,0.21994,71.544,71.544,9.9571,2703.3,453.8
747.0,64.922,44.116,F,0.15247,2.8685,4.0600,0.79500,0.14175,110.7,110.7,43.107,6988.5,1220.3
748.0,85.862,44.011,M,0.067245,2.7274,4.0600,0.79500,0.19687,151.8,151.8,87.008,11798.8,2115.1
749.0,84.826,38.106,M,0.26911,5.8701,4.0600,0.79500,0.22109,57.372,57.372,24.091,4136.5,715.3
750.0,111.7,35.547,M,0.37899,3.0479,4.0600,0.79500,0.27503,77.842,77.842,12.563,3125.4,526.3
751.0,88.007,35.637,M,0.14796,4.1225,4.0600,0.79500,0.23914,90.946,90.946,45.088,6844.7,1205.4
752.0,68.119,37.479,M,0.15671,3.4523,4.0600,0.79500,0.19754,98.070,98.070,42.300,6716.3,1175.6
753.0,87.309,36.521,F,0.36131,4.1245,4.0600,0.79500,0.19768,63.012,63.012,14.810,3248.8,550.1
754.0,49.196,39.600,F,0.10769,1.9567,4.0600,0.79500,0.13242,159.1,159.1,60.919,9358.1,1648.0
755.0,86.598,32.770,M,0.25636,2.8667,4.0600,0.79500,0.25451,91.597,91.597,22.465,4511.6,769.4
756.0,62.110,47.385,M,0.24886,2.9105,4.0600,0.79500,0.15328,91.529,91.529,23.489,4631.3,791.0
757.0,52.410,35.520,M,0.19285,2.6317,4.0600,0.79500,0.17773,107.2,107.2,32.423,5815.1,1002.9
758.0,87.656,37.483,M,0.20969,2.4798,4.0600,0.79500,0.22852,108.5,108.5,28.861,5427.2,931.5
759.0,105.4,45.102,F,0.13230,4.3650,4.0600,0.79500,0.18409,92.401,92.401,49.968,7314.9,1295.1
760.0,107.3,44.060,M,0.45408,2.6919,4.0600,0.79500,0.22369,82.788,82.788,8.8772,2626.3,440.1
761.0,88.950,39.836,M,0.14844,4.5562,4.0600,0.79500,0.21879,86.077,86.077,44.948,6723.6,1186.4
762.0,105.8,42.430,M,0.20544,3.6705,4.0600,0.79500,0.22912,84.612,84.612,31.283,5392.3,933.4
763.0,82.740,43.902,F,0.13134,2.8970,4.0600,0.79500,0.16376,116.5,116.5,50.408,7800.4,1371.0
764.0,52.422,30.567,F,0.17164,3.5515,4.0600,0.79500,0.17136,92.936,92.936,38.400,6246.7,1089.6
765.0,98.937,48.769,F,0.17350,2.4171,4.0600,0.79500,0.16599,117.8,117.8,36.602,6386.1,1105.1
766.0,74.887,40.778,M,0.26461,2.7167,4.0600,0.79500,0.19416,94.255,94.255,21.243,4391.5,747.3
767.0,111.5,39.651,F,0.48096,4.9646,4.0600,0.79500,0.21225,50.129,50.129,10.008,2464.9,414.8
768.0,68.264,37.370,F,0.14122,2.5857,4.0600,0.79500,0.16814,121.5,121.5,46.564,7480.8,1308.2
769.0,109.3,43.423,M,0.18663,2.5474,4.0600,0.79500,0.22900,110.9,110.9,33.651,5989.8,1034.0
770.0,117.9,40.751,F,0.14618,4.4880,4.0600,0.79500,0.21418,87.336,87.336,45.606,6811.4,1202.2
771.0,107.9,32.649,M,0.44554,3.1451,4.0600,0.79500,0.28999,72.950,72.950,9.6586,2671.8,448.3
772.0,73.378,31.088,M,0.28221,7.1625,4.0600,0.79500,0.24192,50.519,50.519,23.439,3894.1,675.8
773.0,68.728,43.606,M,0.13655,2.5361,4.0600,0.79500,0.17448,124.5,124.5,48.218,7686.7,1345.8
774.0,48.031,42.989,M,0.14569,2.6478,4.0600,0.79500,0.14357,118.3,118.3,45.083,7289.8,1273.6
775.0,65.772,34.697,M,0.32790,2.8535,4.0600,0.79500,0.20676,85.227,85.227,15.558,3592.1,607.0
776.0,82.571,40.713,M,0.23930,2.9478,4.0600,0.79500,0.20571,91.957,91.957,24.849,4793.6,820.3
777.0,75.627,33.739,M,0.17425,4.1523,4.0600,0.79500,0.22956,84.480,84.480,38.178,6068.9,1061.5
778.0,90.464,36.778,M,0.21516,4.7239,4.0600,0.79500,0.23652,71.657,71.657,30.527,5075.2,881.9
779.0,68.020,43.760,M,0.19245,3.4518,4.0600,0.79500,0.17291,90.199,90.199,33.586,5717.7,991.5
780.0,43.340,33.771,M,0.14834,2.3476,4.0600,0.79500,0.16626,126.9,126.9,43.859,7260.7,1264.9
781.0,68.695,37.714,M,0.26946,4.7151,4.0600,0.79500,0.19745,64.914,64.914,23.149,4207.5,723.3
782.0,43.373,47.718,F,0.063901,1.6747,4.0600,0.79500,0.10499,204.9,204.9,94.496,13148.1,2349.8
783.0,90.640,49.847,M,0.15552,2.8554,4.0600,0.79500,0.18264,110.2,110.2,42.167,6885.5,1201.1
784.0,80.238,36.959,M,0.32368,3.0379,4.0600,0.79500,0.21976,81.556,81.556,16.128,3631.2,614.4
785.0,78.388,39.180,M,0.17182,5.2018,4.0600,0.79500,0.20627,75.325,75.325,39.071,5942.2,1045.5
786.0,69.890,49.091,M,0.10166,3.5615,4.0600,0.79500,0.15922,114.2,114.2,63.031,8947.1,1592.4
787.0,94.187,43.755,M,0.40637,3.1321,4.0600,0.79500,0.20872,74.826,74.826,11.284,2921.3,491.2
788.0,98.966,35.582,F,0.28305,3.5929,4.0600,0.79500,0.21731,75.630,75.630,20.467,4088.3,697.1
789.0,78.403,39.232,F,0.11717,3.8334,4.0600,0.79500,0.17474,104.0,104.0,55.836,8092.2,1435.4
790.0,112.7,40.379,M,0.24819,5.1728,4.0600,0.79500,0.24795,63.854,63.854,26.075,4477.2,774.5
791.0,78.527,40.989,M,0.21849,3.8906,4.0600,0.79500,0.19868,79.630,79.630,29.245,5100.2,881.4
792.0,56.466,38.570,M,0.14840,4.9620,4.0600,0.79500,0.17295,82.316,82.316,44.892,6626.7,1171.4
793.0,84.997,36.700,M,0.36789,3.6533,4.0600,0.79500,0.22857,68.348,68.348,13.898,3204.2,541.2
794.0,98.557,39.431,M,0.28057,4.2245,4.0600,0.79500,0.23418,68.259,68.259,21.459,4088.8,699.8
795.0,82.511,34.208,F,0.21851,2.8271,4.0600,0.79500,0.20232,97.710,97.710,27.878,5203.1,893.4
796.0,82.548,35.051,M,0.28084,4.0476,4.0600,0.79500,0.23374,70.119,70.119,21.237,4094.6,700.1
797.0,97.427,43.138,F,0.19643,2.6669,4.0600,0.79500,0.18270,105.6,105.6,31.732,5720.6,986.0
798.0,97.086,47.622,F,0.14292,3.3238,4.0600,0.79500,0.16756,104.0,104.0,46.464,7220.8,1267.9
799.0,65.170,24.862,M,0.22274,3.0979,4.0600,0.79500,0.27338,91.255,91.255,27.578,5092.6,875.1
800.0,67.315,31.149,M,0.18730,2.6149,4.0600,0.79500,0.22977,108.8,108.8,33.606,5962.5,1029.6
801.0,82.719,37.924,F,0.26881,3.9448,4.0600,0.79500,0.18553,72.534,72.534,22.424,4262.8,729.9
802.0,81.774,38.350,F,0.21426,3.1417,4.0600,0.79500,0.18255,91.743,91.743,29.060,5261.5,906.0
803.0,130.0,35.813,M,0.66846,4.2394,4.0600,0.79500,0.29837,52.174,52.174,5.1786,1789.9,299.1
804.0,95.560,36.844,F,0.18084,2.7495,4.0600,0.79500,0.20671,106.6,106.6,35.287,6119.9,1059.5
805.0,67.899,34.719,F,0.13974,2.8539,4.0600,0.79500,0.17849,114.8,114.8,47.297,7467.6,1308.8
806.0,80.472,43.173,F,0.096320,3.3105,4.0600,0.79500,0.16347,121.2,121.2,66.137,9363.4,1667.4
807.0,77.486,39.815,M,0.17777,2.8902,4.0600,0.79500,0.20211,103.9,103.9,36.208,6184.4,1072.5
808.0,57.035,41.565,F,0.23615,2.1535,4.0600,0.79500,0.13839,116.0,116.0,23.963,4906.3,836.0
809.0,70.432,44.200,F,0.17226,2.1575,4.0600,0.79500,0.14834,127.6,127.6,36.492,6466.5,1117.3
810.0,146.7,40.977,F,0.18886,2.9280,4.0600,0.79500,0.24189,100.7,100.7,33.713,5878.9,1016.9
811.0,87.696,36.761,F,0.16861,5.0144,4.0600,0.79500,0.19708,77.427,77.427,39.779,6057.4,1065.6
812.0,101.4,49.650,F,0.10474,3.9840,4.0600,0.79500,0.16580,106.3,106.3,61.001,8600.1,1531.9
813.0,58.697,38.880,F,0.17519,2.3247,4.0600,0.79500,0.14896,120.6,120.6,36.022,6349.4,1097.6
814.0,124.8,42.134,M,0.30849,4.0325,4.0600,0.79500,0.25368,67.780,67.780,18.598,3762.8,640.7
815.0,61.444,42.264,M,0.11726,2.9376,4.0600,0.79500,0.16796,120.6,120.6,56.223,8427.4,1488.2
816.0,65.495,37.239,F,0.21101,2.7230,4.0600,0.79500,0.16465,101.5,101.5,29.021,5373.5,923.5
817.0,67.138,39.560,M,0.38721,2.6740,4.0600,0.79500,0.18706,86.065,86.065,11.672,3066.9,515.5
818.0,68.728,52.171,M,0.15060,4.9609,4.0600,0.79500,0.14970,81.807,81.807,44.294,6562.0,1159.3
819.0,60.792,37.133,F,0.15430,3.3130,4.0600,0.79500,0.15810,101.1,101.1,42.912,6826.1,1194.6
820.0,85.656,36.028,F,0.18074,2.9830,4.0600,0.79500,0.19779,101.2,101.2,35.619,6087.2,1055.5
821.0,86.209,46.622,M,0.094588,4.2147,4.0600,0.79500,0.18785,107.1,107.1,65.365,8994.1,1607.8
822.0,96.348,38.851,F,0.27105,3.1822,4.0600,0.79500,0.19850,83.497,83.497,21.202,4272.7,728.3
823.0,65.550,30.754,F,0.26082,2.9973,4.0600,0.79500,0.19398,88.238,88.238,22.118,4434.4,756.3
824.0,63.291,39.587,M,0.13997,2.5909,4.0600,0.79500,0.18068,121.7,121.7,47.013,7529.8,1317.4
825.0,54.000,39.622,M,0.32932,3.4168,4.0600,0.79500,0.16471,74.359,74.359,16.191,3562.2,603.3
826.0,60.245,40.380,M,0.14126,3.0390,4.0600,0.79500,0.17265,110.1,110.1,46.884,7358.7,1290.6
827.0,56.708,40.750,F,0.10143,3.6391,4.0600,0.79500,0.14028,113.0,113.0,63.036,8922.4,1588.6
828.0,66.406,40.976,F,0.10625,2.9283,4.0600,0.79500,0.15296,125.3,125.3,61.424,8997.0,1594.3
829.0,80.251,42.721,M,0.24024,3.5042,4.0600,0.79500,0.19420,81.804,81.804,25.486,4735.9,813.0
830.0,59.796,36.795,M,0.28683,3.2305,4.0600,0.79500,0.18611,81.033,81.033,19.612,4055.6,689.9
831.0,110.1,38.091,M,0.36514,4.9302,4.0600,0.79500,0.25710,55.632,55.632,15.352,3197.3,543.0
832.0,76.825,38.013,M,0.21330,3.9724,4.0600,0.79500,0.20922,79.446,79.446,30.199,5194.3,899.1
833.0,90.709,45.704,M,0.21851,3.0143,4.0600,0.79500,0.19677,93.586,93.586,28.156,5185.7,891.4
834.0,85.534,49.923,F,0.10881,2.2354,4.0600,0.79500,0.14958,145.8,145.8,60.361,9166.1,1616.5
835.0,73.989,34.257,M,0.27911,3.7009,4.0600,0.79500,0.22374,74.527,74.527,21.010,4135.0,705.9
836.0,66.367,42.653,M,0.13662,3.2569,4.0600,0.79500,0.17424,107.2,107.2,48.586,7477.6,1315.0
837.0,54.630,38.922,F,0.23015,3.2377,4.0600,0.79500,0.14277,87.558,87.558,26.608,4937.9,848.0
838.0,75.061,37.980,F,0.11726,3.1785,4.0600,0.79500,0.17518,115.3,115.3,56.161,8335.5,1473.9
839.0,90.221,38.040,M,0.37173,5.6932,4.0600,0.79500,0.22945,50.421,50.421,15.587,3125.4,532.0
840.0,61.149,38.679,M,0.22724,2.0219,4.0600,0.79500,0.18067,123.0,123.0,25.049,5089.8,867.9
841.0,79.414,40.127,F,0.16265,2.2349,4.0600,0.79500,0.17268,127.0,127.0,39.263,6767.2,1173.1
842.0,60.281,34.534,F,0.14551,2.6682,4.0600,0.79500,0.16739,117.8,117.8,45.163,7291.6,1274.2
843.0,102.0,44.676,F,0.32431,4.4914,4.0600,0.79500,0.18208,61.935,61.935,17.783,3578.6,609.5
844.0,56.918,38.648,M,0.19104,2.4208,4.0600,0.79500,0.17345,113.9,113.9,32.471,5888.9,1014.6
845.0,65.732,42.700,F,0.096358,2.0523,4.0600,0.79500,0.14680,160.1,160.1,67.545,10040.8,1776.6
846.0,76.335,41.170,M,0.15377,3.5692,4.0600,0.79500,0.19472,96.963,96.963,43.218,6785.9,1189.5
847.0,69.681,43.290,M,0.12702,3.6015,4.0600,0.79500,0.17696,104.2,104.2,52.095,7756.4,1370.4
848.0,86.833,41.971,M,0.16231,3.8604,4.0600,0.79500,0.20635,90.694,90.694,40.994,6457.8,1131.2
849.0,107.8,36.743,M,0.21337,4.0470,4.0600,0.79500,0.26192,78.568,78.568,30.261,5184.8,897.9
850.0,68.343,37.323,F,0.10854,2.4403,4.0600,0.79500,0.16843,138.4,138.4,60.484,9090.0,1605.2
851.0,82.898,40.684,F,0.14324,3.5568,4.0600,0.79500,0.17495,100.0,100.0,46.442,7148.6,1256.8
852.0,75.165,47.664,F,0.17388,2.9179,4.0600,0.79500,0.14441,104.2,104.2,37.201,6292.0,1092.5
853.0,84.338,36.509,F,0.16431,2.8190,4.0600,0.79500,0.19382,108.7,108.7,39.598,6601.8,1148.5
854.0,51.926,40.000,F,0.14309,1.8269,4.0600,0.79500,0.13545,152.1,152.1,44.917,7598.6,1320.9
855.0,91.007,37.768,F,0.19559,2.7114,4.0600,0.79500,0.19676,104.6,104.6,31.975,5736.3,989.2
856.0,90.704,44.865,M,0.28479,3.9472,4.0600,0.79500,0.19990,70.880,70.880,20.717,4048.8,691.5
857.0,64.675,52.780,F,0.14507,2.4648,4.0600,0.79500,0.12136,124.0,124.0,45.102,7359.2,1284.4
858.0,66.042,46.627,F,0.38483,2.5421,4.0600,0.79500,0.13655,89.865,89.865,11.627,3087.0,518.8
859.0,63.657,27.337,M,0.20529,3.5899,4.0600,0.79500,0.24870,85.786,85.786,31.223,5405.0,935.2
860.0,59.977,42.728,M,0.14854,2.0557,4.0600,0.79500,0.16409,138.5,138.5,43.382,7321.1,1272.7
861.0,85.651,46.899,F,0.16132,2.4156,4.0600,0.79500,0.15790,120.9,120.9,39.919,6777.6,1176.8
862.0,89.659,43.827,F,0.14752,2.7783,4.0600,0.79500,0.17179,114.3,114.3,44.597,7188.7,1256.3
863.0,75.586,42.319,F,0.22407,3.1958,4.0600,0.79500,0.16037,89.205,89.205,27.499,5057.6,869.4
864.0,90.628,32.908,F,0.18024,2.6460,4.0600,0.79500,0.22078,109.4,109.4,35.281,6152.3,1064.5
865.0,61.789,33.897,F,0.26014,2.6793,4.0600,0.79500,0.17252,95.726,95.726,21.711,4462.3,759.8
866.0,92.726,35.434,M,0.19233,3.2909,4.0600,0.79500,0.24768,92.900,92.900,33.428,5742.1,994.7
867.0,64.113,43.405,F,0.22976,2.6794,4.0600,0.79500,0.14269,99.666,99.666,25.837,4990.5,854.2
868.0,58.117,43.819,M,0.17087,3.3330,4.0600,0.79500,0.15770,96.663,96.663,38.401,6307.5,1099.0
869.0,60.278,37.649,F,0.22733,2.1117,4.0600,0.79500,0.15548,119.0,119.0,25.210,5081.5,867.0
870.0,75.073,34.466,M,0.16152,3.8100,4.0600,0.79500,0.22446,91.553,91.553,41.178,6491.6,1137.1
871.0,103.5,46.205,M,0.12781,2.8024,4.0600,0.79500,0.21035,120.0,120.0,51.758,7984.4,1404.1
872.0,97.200,41.191,F,0.13211,2.8777,4.0600,0.79500,0.18979,116.7,116.7,50.107,7773.8,1365.9
873.0,84.458,38.678,F,0.060421,2.8863,4.0600,0.79500,0.18465,151.7,151.7,92.037,12252.4,2201.9
874.0,117.7,44.965,M,0.21663,3.1301,4.0600,0.79500,0.23192,91.584,91.584,28.637,5213.3,897.2
875.0,67.222,39.923,F,0.29896,3.0809,4.0600,0.79500,0.15751,82.711,82.711,18.254,3909.5,663.5
876.0,67.679,46.925,F,0.22381,3.4552,4.0600,0.79500,0.13774,84.860,84.860,27.881,5039.1,867.7
877.0,112.8,40.040,M,0.31341,3.5282,4.0600,0.79500,0.24993,73.871,73.871,17.584,3726.7,632.7
878.0,85.339,35.987,M,0.43563,3.9828,4.0600,0.79500,0.23297,60.871,60.871,10.877,2722.0,458.0
879.0,90.727,41.266,F,0.21619,3.5198,4.0600,0.79500,0.18210,85.039,85.039,29.213,5183.6,894.3
880.0,99.508,29.168,M,0.16452,4.3675,4.0600,0.79500,0.30463,84.239,84.239,40.629,6292.3,1104.6
881.0,92.651,38.864,M,0.21996,4.7760,4.0600,0.79500,0.22877,70.517,70.517,29.791,4980.4,864.7
882.0,99.872,42.683,F,0.19478,3.1606,4.0600,0.79500,0.18702,94.802,94.802,32.763,5699.5,985.9
883.0,83.115,49.063,M,0.13268,3.8765,4.0600,0.79500,0.17608,98.372,98.372,49.993,7447.4,1315.5
884.0,113.0,45.706,M,0.21623,3.9572,4.0600,0.79500,0.22346,79.169,79.169,29.688,5137.5,888.7
885.0,83.253,42.610,F,0.14025,2.4789,4.0600,0.79500,0.16859,125.0,125.0,46.810,7548.6,1319.6
886.0,40.887,46.883,F,0.14469,1.6992,4.0600,0.79500,0.10301,159.5,159.5,44.113,7561.7,1312.5
887.0,64.417,35.229,F,0.22202,3.1726,4.0600,0.79500,0.17100,89.943,89.943,27.799,5100.1,877.0
888.0,79.862,34.600,M,0.58935,4.4924,4.0600,0.79500,0.23186,51.101,51.101,6.7430,2025.7,339.2
889.0,59.539,41.792,F,0.089826,2.2516,4.0600,0.79500,0.14121,154.8,154.8,71.565,10380.3,1843.1
890.0,115.8,46.904,M,0.30384,5.3397,4.0600,0.79500,0.22163,57.220,57.220,20.273,3757.6,644.4
891.0,102.3,33.836,M,0.24954,3.6452,4.0600,0.79500,0.27266,78.577,78.577,24.406,4571.2,784.0
892.0,76.731,47.132,F,0.12815,3.0955,4.0600,0.79500,0.14755,113.1,113.1,51.693,7874.2,1387.0
893.0,76.094,30.100,F,0.37787,3.2305,4.0600,0.79500,0.21536,74.433,74.433,12.841,3131.3,527.6
894.0,93.853,39.090,F,0.18576,3.3901,4.0600,0.79500,0.19449,92.507,92.507,34.949,5893.0,1023.1
895.0,82.946,39.931,M,0.35430,5.5929,4.0600,0.79500,0.20970,52.032,52.032,16.608,3267.8,557.2
896.0,84.677,38.567,M,0.15498,3.7041,4.0600,0.79500,0.21861,94.638,94.638,42.933,6716.5,1177.9
897.0,66.400,45.099,M,0.072086,3.0595,4.0600,0.79500,0.16619,139.5,139.5,81.961,11128.5,1994.3
898.0,48.455,42.915,F,0.13902,2.6887,4.0600,0.79500,0.12255,119.3,119.3,47.438,7542.1,1320.7
899.0,75.119,44.819,F,0.21488,1.7446,4.0600,0.79500,0.15215,140.0,140.0,26.517,5376.2,917.2
900.0,102.9,45.029,M,0.094622,3.5038,4.0600,0.79500,0.21436,118.3,118.3,66.718,9358.3,1668.7
901.0,105.0,38.081,M,0.30328,4.2624,4.0600,0.79500,0.25019,65.788,65.788,19.308,3812.0,650.3
902.0,93.671,42.866,M,0.37553,3.6355,4.0600,0.79500,0.21174,68.160,68.160,13.435,3142.7,530.4
903.0,77.697,36.455,M,0.10642,4.5771,4.0600,0.79500,0.21825,98.177,98.177,59.414,8269.1,1475.4
904.0,86.828,37.091,M,0.20795,3.0595,4.0600,0.79500,0.22932,94.400,94.400,30.074,5406.2,931.8
905.0,93.678,44.219,M,0.32088,3.0023,4.0600,0.79500,0.20621,82.498,82.498,16.296,3662.0,619.6
906.0,101.8,37.236,F,0.23267,3.6440,4.0600,0.79500,0.21253,80.799,80.799,26.750,4857.7,835.8
907.0,59.861,41.722,M,0.095186,2.1211,4.0600,0.79500,0.16728,157.5,157.5,68.235,10082.4,1785.5
908.0,109.1,40.595,F,0.21795,2.6307,4.0600,0.79500,0.20546,102.8,102.8,27.661,5232.6,897.4
909.0,100.1,41.457,F,0.17106,3.7360,4.0600,0.79500,0.19194,90.378,90.378,38.683,6229.7,1088.0
910.0,97.063,38.772,M,0.13192,4.1366,4.0600,0.79500,0.23549,95.202,95.202,50.185,7397.4,1308.6
911.0,74.979,44.433,M,0.14439,3.3481,4.0600,0.79500,0.18056,103.2,103.2,45.994,7161.1,1257.1
912.0,106.0,41.401,M,0.19749,4.2548,4.0600,0.79500,0.23427,78.923,78.923,33.317,5493.1,955.9
913.0,86.186,35.881,M,0.17576,4.1238,4.0600,0.79500,0.23489,84.489,84.489,37.810,6034.3,1054.9
914.0,61.614,34.481,F,0.17756,2.9583,4.0600,0.79500,0.16974,102.4,102.4,36.344,6179.6,1072.2
915.0,73.009,39.292,F,0.13763,3.1990,4.0600,0.79500,0.16747,108.0,108.0,48.216,7455.0,1310.2
916.0,69.034,30.768,M,0.29304,2.9447,4.0600,0.79500,0.23561,86.043,86.043,18.609,3987.8,676.8
917.0,58.355,37.498,F,0.19299,2.8523,4.0600,0.79500,0.15312,101.6,101.6,32.723,5783.5,998.9
918.0,58.914,39.813,M,0.23000,2.1811,4.0600,0.79500,0.17251,115.8,115.8,24.929,5023.0,857.0
919.0,44.485,43.305,F,0.12432,2.4748,4.0600,0.79500,0.11574,130.7,130.7,53.069,8255.4,1450.4
920.0,69.769,40.688,F,0.094868,3.5294,4.0600,0.79500,0.15834,117.7,117.7,66.542,9331.0,1663.8
921.0,66.487,38.298,F,0.26511,2.6245,4.0600,0.79500,0.16216,96.628,96.628,21.038,4388.5,746.4
922.0,61.409,39.103,M,0.26811,3.0042,4.0600,0.79500,0.17943,87.278,87.278,21.278,4324.5,736.7
923.0,76.753,38.860,M,0.40574,3.4417,4.0600,0.79500,0.20521,69.487,69.487,11.654,2921.6,491.7
924.0,58.448,37.283,M,0.16706,2.6106,4.0600,0.79500,0.18162,113.5,113.5,38.582,6553.0,1137.5
925.0,71.757,42.420,F,0.12331,3.1908,4.0600,0.79500,0.15530,112.8,112.8,53.617,8053.5,1421.4
926.0,83.076,37.765,F,0.15999,3.2008,4.0600,0.79500,0.18666,101.7,101.7,41.185,6664.2,1163.6
927.0,68.456,39.660,M,0.14534,3.6654,4.0600,0.79500,0.18876,97.753,97.753,45.802,7046.4,1238.8
928.0,68.609,38.624,F,0.20347,2.7808,4.0600,0.79500,0.16394,101.4,101.4,30.510,5538.3,953.8
929.0,57.815,41.485,M,0.34802,2.6282,4.0600,0.79500,0.16475,89.513,89.513,13.854,3399.1,572.8
930.0,74.165,39.080,F,0.10813,2.6617,4.0600,0.79500,0.16978,131.6,131.6,60.629,9014.4,1594.1
931.0,104.1,34.880,M,0.18139,3.9699,4.0600,0.79500,0.26845,85.158,85.158,36.433,5915.2,1031.7
932.0,50.265,45.010,F,0.15766,2.9217,4.0600,0.79500,0.12018,108.1,108.1,41.598,6798.7,1185.8
933.0,75.314,32.157,M,0.25875,3.5622,4.0600,0.79500,0.23860,78.660,78.660,23.142,4432.8,758.7
934.0,67.538,41.242,F,0.36604,3.1036,4.0600,0.79500,0.15361,77.461,77.461,13.362,3230.2,544.6
935.0,49.400,41.835,F,0.12085,2.6577,4.0600,0.79500,0.12665,126.5,126.5,54.638,8357.9,1471.8
936.0,79.323,41.339,M,0.25000,2.4634,4.0600,0.79500,0.19839,103.1,103.1,22.619,4639.4,790.2
937.0,78.071,37.542,M,0.20559,3.2057,4.0600,0.79500,0.21344,92.007,92.007,30.707,5442.6,939.4
938.0,65.748,35.140,M,0.19039,3.7212,4.0600,0.79500,0.20449,86.615,86.615,34.286,5730.1,995.7
939.0,55.697,37.401,M,0.12725,2.3510,4.0600,0.79500,0.17616,133.8,133.8,51.751,8157.9,1430.8
940.0,91.284,42.860,F,0.13392,4.0161,4.0600,0.79500,0.17692,96.135,96.135,49.537,7359.3,1300.3
941.0,68.630,38.924,M,0.17060,4.0244,4.0600,0.79500,0.19209,86.751,86.751,38.978,6189.9,1082.9
942.0,86.742,37.170,M,0.19136,2.7061,4.0600,0.79500,0.22877,105.5,105.5,32.855,5843.7,1008.7
943.0,50.521,37.770,M,0.13116,3.5066,4.0600,0.79500,0.16511,104.4,104.4,50.577,7619.2,1343.9
944.0,56.916,32.459,M,0.10752,3.3395,4.0600,0.79500,0.20132,115.9,115.9,60.467,8746.5,1552.4
945.0,55.783,41.551,M,0.15073,3.8831,4.0600,0.79500,0.16116,93.247,93.247,44.227,6812.1,1197.2
946.0,79.535,39.003,M,0.20828,4.3287,4.0600,0.79500,0.20882,76.359,76.359,31.393,5255.5,912.6
947.0,96.666,33.020,M,0.35070,4.0420,4.0600,0.79500,0.26946,64.578,64.578,15.406,3342.6,566.4
948.0,67.483,36.640,F,0.12941,3.3119,4.0600,0.79500,0.16986,108.4,108.4,51.227,7751.6,1366.5
949.0,67.784,50.167,F,0.079052,2.4860,4.0600,0.79500,0.13022,152.2,152.2,78.637,11026.7,1967.4
950.0,115.6,35.681,F,0.18636,3.6383,4.0600,0.79500,0.23720,88.561,88.561,35.066,5841.2,1015.5
951.0,80.064,31.443,F,0.24153,3.3787,4.0600,0.79500,0.21367,83.601,83.601,25.143,4723.2,810.0
952.0,64.970,39.446,M,0.15111,3.2092,4.0600,0.79500,0.18400,103.8,103.8,43.799,6957.6,1218.0
953.0,66.238,40.400,M,0.13685,3.9071,4.0600,0.79500,0.18230,96.724,96.724,48.571,7283.6,1285.2
954.0,80.128,41.852,F,0.11924,3.1740,4.0600,0.79500,0.16745,114.7,114.7,55.311,8244.4,1456.8
955.0,111.4,41.760,F,0.13662,3.4642,4.0600,0.79500,0.20294,103.5,103.5,48.635,7418.6,1306.1
956.0,69.823,42.124,M,0.21592,2.8302,4.0600,0.79500,0.18136,98.053,98.053,28.323,5257.0,903.1
957.0,52.702,42.297,M,0.23015,2.7049,4.0600,0.79500,0.15360,98.949,98.949,25.819,4981.0,852.6
958.0,109.4,40.465,F,0.23907,2.4551,4.0600,0.79500,0.20629,104.8,104.8,24.088,4832.0,824.5
959.0,59.109,41.374,F,0.12993,2.7239,4.0600,0.79500,0.14183,121.3,121.3,50.881,7915.6,1390.4
960.0,35.700,34.508,M,0.20275,1.5607,4.0600,0.79500,0.14591,155.1,155.1,28.339,5681.8,970.5
961.0,96.557,36.945,M,0.31505,3.3426,4.0600,0.79500,0.24466,76.647,76.647,17.214,3714.9,630.0
962.0,153.4,40.304,M,0.10635,5.4857,4.0600,0.79500,0.29677,89.293,89.293,57.976,7905.5,1414.5
963.0,65.538,41.431,F,0.19139,2.5387,4.0600,0.79500,0.15037,110.1,110.1,32.589,5864.6,1011.2
964.0,54.295,40.984,M,0.16225,3.3946,4.0600,0.79500,0.16053,97.649,97.649,40.716,6553.9,1145.0
965.0,69.372,33.620,M,0.14342,2.7957,4.0600,0.79500,0.21904,115.1,115.1,45.980,7339.4,1284.4
966.0,75.229,36.748,F,0.10116,3.3807,4.0600,0.79500,0.18042,117.7,117.7,63.524,9060.2,1611.5
967.0,82.171,53.816,M,0.14363,3.1183,4.0600,0.79500,0.16164,107.8,107.8,46.129,7248.2,1270.9
968.0,71.804,36.537,F,0.13775,4.5988,4.0600,0.79500,0.17649,88.397,88.397,48.116,7057.7,1249.1
969.0,67.254,38.228,F,0.061847,2.5357,4.0600,0.79500,0.16350,162.1,162.1,92.544,12467.3,2237.2
970.0,71.534,36.884,M,0.33576,2.6637,4.0600,0.79500,0.20600,89.366,89.366,14.726,3516.7,593.4
971.0,102.0,42.454,M,0.27902,4.5843,4.0600,0.79500,0.22431,65.038,65.038,21.990,4089.3,701.4
972.0,87.266,36.518,M,0.30814,3.9558,4.0600,0.79500,0.23306,68.686,68.686,18.542,3769.7,641.7
973.0,51.161,40.254,M,0.17874,1.7619,4.0600,0.79500,0.15751,146.1,146.1,34.071,6325.1,1087.9
974.0,117.8,41.653,F,0.13482,3.1336,4.0600,0.79500,0.21006,110.1,110.1,49.195,7585.1,1333.6
975.0,80.517,36.414,F,0.27256,3.1685,4.0600,0.79500,0.18911,83.591,83.591,21.016,4251.9,724.5
976.0,99.018,44.545,M,0.22286,3.2869,4.0600,0.79500,0.21159,87.767,87.767,27.816,5073.1,872.8
977.0,87.098,35.528,F,0.16179,3.0088,4.0600,0.79500,0.20210,105.1,105.1,40.502,6645.4,1158.3
978.0,63.192,35.750,F,0.15972,2.6554,4.0600,0.79500,0.16700,114.1,114.1,40.702,6784.3,1180.5
979.0,117.3,35.940,F,0.16823,3.8815,4.0600,0.79500,0.23776,89.058,89.058,39.481,6282.3,1098.9
980.0,121.3,38.295,M,0.17799,5.7212,4.0600,0.79500,0.27075,70.589,70.589,37.787,5705.3,1004.6
981.0,106.0,34.526,F,0.19860,4.3694,4.0600,0.79500,0.23197,77.559,77.559,33.190,5453.6,949.4
982.0,124.6,43.632,F,0.25527,3.3307,4.0600,0.79500,0.20857,82.676,82.676,23.268,4500.9,769.8
983.0,75.239,38.209,M,0.22415,2.8865,4.0600,0.79500,0.20580,95.469,95.469,27.041,5083.2,872.1
984.0,62.661,38.452,F,0.24330,2.1727,4.0600,0.79500,0.15616,114.2,114.2,22.994,4773.4,812.5
985.0,102.1,31.488,F,0.27101,2.6491,4.0600,0.79500,0.24566,95.319,95.319,20.411,4299.4,730.7
986.0,54.146,39.459,F,0.047322,2.2194,4.0600,0.79500,0.14039,187.4,187.4,109.6,14407.2,2594.1
987.0,75.561,41.971,F,0.071317,2.8454,4.0600,0.79500,0.16147,145.7,145.7,83.319,11360.2,2034.8
988.0,52.993,33.836,M,0.14874,3.9750,4.0600,0.79500,0.18645,92.567,92.567,44.836,6855.1,1206.0
989.0,107.0,37.412,F,0.19207,4.1071,4.0600,0.79500,0.21780,81.500,81.500,34.271,5635.8,981.1
990.0,42.488,41.746,M,0.17640,3.2109,4.0600,0.79500,0.13714,97.612,97.612,36.916,6171.3,1072.8
991.0,62.908,39.836,M,0.23440,3.5339,4.0600,0.79500,0.17909,82.147,82.147,26.361,4836.0,831.3
992.0,80.181,34.764,M,0.17521,4.0899,4.0600,0.79500,0.23146,84.994,84.994,37.918,6054.5,1058.4
993.0,110.8,42.553,M,0.22423,3.2486,4.0600,0.79500,0.23474,88.232,88.232,27.546,5049.9,868.3
994.0,58.157,38.854,M,0.071180,2.7258,4.0600,0.79500,0.17483,149.3,149.3,83.861,11469.5,2053.6
995.0,72.148,42.983,M,0.12046,3.6689,4.0600,0.79500,0.18166,105.4,105.4,54.616,8009.8,1418.4
996.0,87.127,39.974,M,0.085399,2.7202,4.0600,0.79500,0.21555,141.0,141.0,73.684,10396.0,1852.9
997.0,123.2,42.698,F,0.29835,3.8921,4.0600,0.79500,0.21110,70.281,70.281,19.343,3884.7,662.0
998.0,66.550,43.409,F,0.46825,2.3332,4.0600,0.79500,0.14579,93.246,93.246,8.0305,2550.5,426.9
999.0,86.182,41.036,F,0.13898,3.7825,4.0600,0.79500,0.17761,97.837,97.837,47.866,7241.0,1276.1
1000.0,73.581,39.625,M,0.21341,3.9621,4.0600,0.79500,0.19696,79.553,79.553,30.171,5193.3,898.9